PartNumber(MaxLen = 32),Flash ID 0,Flash ID 1,Flash ID 2,Flash ID 3,Flash ID 4,Flash ID 5,Flash ID 6,Configed (0x37),Type (0x38),Cell (0x40),Mode (0x41),Plane (0x42),Plane Mode (0x43),Vcc(0x44),IOBus(16bit-8bit)0x45,Col-Shift(PageSize)0x50,Row-Shift (0x51),Page (0x52),DIE-Shift 0x53,DIE-Sel 0x54,Extend 0x55,Ext_Mode 0x56,Ext_H 0x57,Ext_L 0x58,Page_L 0x59,Page_H 0x5A,2ndCol-Shift 0x5B,ECC 0x60,Spare0Len 0x61,Spare1Len 0x62,Conversion 0x63,Reverse 0x64,SpareCount 0x65,Design(nmProcess) 0x70,PageAMap 0x71,PageA 0x72,Toggle('T' or 'N') (CP),ED3 (CP),MaxBlock_L,MaxBlock_H,PageSize_L,PageSize_H,PageSize_Ext,Read_Timming,Write_Timming,Read_PBATimming,Write_PBATimming,3D NAND,OC_ECC,OC_SPARE,NC_ECC,NC_SPARE
TC58TEG5DCJTA00,0x98,0xD7,0x84,0x93,0x72,0xD7,0x08,0x00,0x01,0x04,0x00,0x01,0x00,0x33,0x08,0x0E,0x13,0x80,0x00,0x00,0x01,0x01,0x00,0x24,0x00,0x01,0x0F,0x27,0x08,0x02,0x00,0x01,0x00,0x19,0x21,0x00,0x54,0x00,0x24,0x04,0x00,0x45,0x00,0x00,0x00,0xEE,0xEE,0x00,0x2C,0x82,0x2C,0x82
TC58NVG6T2HTA00,0x98,0xDE,0x98,0x92,0x72,0x56,0x0F,0x00,0x02,0x08,0x00,0x02,0x00,0x33,0x08,0x0E,0x15,0x80,0x00,0x00,0x01,0x01,0x00,0x12,0x02,0x01,0x0E,0x3C,0x08,0x04,0x00,0x01,0x00,0x24,0x00,0x56,0x4E,0x01,0x48,0x10,0x00,0x24,0x00,0x11,0x11,0xEE,0xEE,0x00,0x3C,0x84,0x44,0x82
TC58TEG7T2JTA00,0x98,0x3A,0xA8,0x92,0x76,0xD7,0x0B,0x00,0x01,0x08,0x00,0x04,0x00,0x33,0x08,0x0E,0x16,0x80,0x00,0x00,0x01,0x01,0x00,0x13,0x02,0x01,0x0E,0x3C,0x08,0x04,0x00,0x01,0x00,0x19,0x00,0x56,0x54,0x01,0x98,0x20,0x00,0x24,0x00,0x00,0x00,0xEE,0xEE,0x00,0x3C,0x84,0x44,0x82
TC58NVG6D2HTA00 ,0x98,0xDE,0xA4,0x82,0x76,0x56,0x09,0x00,0x00,0x04,0x00,0x02,0x01,0x33,0x08,0x0E,0x15,0x80,0x00,0x00,0x01,0x01,0x00,0x11,0x00,0x01,0x0E,0x2C,0x08,0x02,0x00,0x01,0x00,0x24,0x43,0x80,0x4E,0x00,0x44,0x10,0x80,0x22,0x00,0x11,0x11,0xEE,0xEE,0x00,0x2C,0x82,0x2C,0x82
TC58NVG5T2JTA00,0x98,0xD7,0x98,0x92,0x72,0x57,0x08,0x00,0x02,0x08,0x00,0x02,0x00,0x33,0x08,0x0E,0x14,0x80,0x00,0x00,0x01,0x01,0x00,0x28,0x02,0x01,0x0E,0x3C,0x08,0x04,0x00,0x01,0x00,0x19,0x00,0x56,0x4E,0x01,0x50,0x08,0x00,0x24,0x00,0x11,0x11,0xEE,0xEE,0x00,0x3C,0x84,0x44,0x82
TC58NVG6T2JTA00,0x98,0xDE,0x98,0x92,0x72,0x57,0x0B,0x00,0x02,0x08,0x00,0x02,0x00,0x33,0x08,0x0E,0x15,0x80,0x00,0x00,0x01,0x01,0x00,0x12,0x02,0x01,0x0E,0x3C,0x08,0x04,0x00,0x01,0x00,0x19,0x00,0x56,0x4E,0x01,0x48,0x10,0x00,0x24,0x00,0x11,0x11,0xEE,0xEE,0x00,0x3C,0x84,0x44,0x82
TC58NVG7T2JTA00,0x98,0x3A,0xA8,0x92,0x76,0x57,0x0A,0x00,0x02,0x08,0x00,0x04,0x01,0x33,0x08,0x0E,0x16,0x80,0x00,0x00,0x01,0x01,0x00,0x13,0x02,0x01,0x0E,0x3C,0x08,0x04,0x00,0x01,0x00,0x19,0x00,0x56,0x4E,0x01,0x98,0x20,0x00,0x24,0x00,0x11,0x11,0xEE,0xEE,0x00,0x3C,0x84,0x44,0x82
TC58TEG6DDJTA00-verC,0x98,0xDE,0x94,0x93,0x76,0xD7,0x08,0x00,0x01,0x04,0x00,0x02,0x01,0x33,0x08,0x0E,0x14,0x80,0x00,0x00,0x01,0x01,0x00,0x22,0x00,0x01,0x0F,0x27,0x08,0x02,0x00,0x01,0x00,0x19,0x21,0x80,0x54,0x00,0x44,0x08,0x00,0x45,0x00,0x00,0x00,0xEE,0xEE,0x00,0x2C,0x82,0x2C,0x82
29F64G08AAMF1-L84A,0x89,0x88,0x24,0x4B,0xA9,0x84,0x00,0x00,0x04,0x04,0x00,0x02,0x00,0x33,0x08,0x0E,0x14,0x80,0x00,0x00,0x00,0x00,0x00,0x00,0x00,0x01,0x0E,0x2C,0x08,0x02,0x00,0x01,0x00,0x20,0x44,0x80,0x4E,0x00,0x00,0x10,0xE8,0x22,0x00,0x11,0x11,0xEE,0xEE,0x00,0x2C,0x82,0x2C,0x82
TC58NVG6DCJTA00-VerB,0x98,0xDE,0x84,0x93,0x72,0x57,0x09,0x00,0x00,0x04,0x00,0x01,0x00,0x33,0x08,0x0E,0x14,0x80,0x00,0x00,0x01,0x01,0x00,0x16,0x00,0x01,0x0F,0x2C,0x08,0x02,0x00,0x01,0x00,0x19,0x21,0x80,0x4E,0x00,0x2C,0x08,0x00,0x45,0x00,0x11,0x11,0xEE,0xEE,0x00,0x2C,0x82,0x2C,0x82
TH58TEG8T2JTA20,0x98,0x3A,0x99,0x92,0x76,0xD7,0x0B,0x00,0x01,0x08,0x00,0x02,0x01,0x33,0x08,0x0E,0x16,0x80,0x01,0x01,0x01,0x01,0x00,0x12,0x02,0x01,0x0E,0x3C,0x08,0x04,0x00,0x01,0x00,0x19,0x00,0x56,0x54,0x01,0x90,0x20,0x00,0x24,0x00,0x00,0x00,0xEE,0xEE,0x00,0x3C,0x84,0x44,0x82
TH58NVG8T2JTA20,0x98,0x3C,0x99,0x92,0x76,0x57,0x0B,0x00,0x02,0x08,0x00,0x04,0x01,0x33,0x08,0x0E,0x17,0x80,0x01,0x01,0x01,0x01,0x00,0x13,0x02,0x01,0x0E,0x3C,0x08,0x04,0x00,0x01,0x00,0x19,0x00,0x56,0x4E,0x01,0x30,0x41,0x00,0x24,0x00,0x11,0x11,0xEE,0xEE,0x00,0x3C,0x84,0x44,0x82
29F16B08CATE1-B74,0x89,0x88,0x28,0x5F,0xA9,0x00,0x00,0x00,0x00,0x08,0x00,0x02,0x01,0x33,0x08,0x0E,0x16,0x80,0x00,0x00,0x01,0x01,0x01,0x58,0x80,0x01,0x0E,0x3C,0x08,0x02,0x00,0x01,0x00,0x25,0x00,0x80,0x4E,0x01,0x60,0x15,0xD0,0x23,0x00,0x11,0x11,0xEE,0xEE,0x00,0x3C,0x84,0x44,0x82
29F128G08CBCAB-L85,0x2C,0x84,0x64,0x3C,0xA5,0x00,0x00,0x00,0x04,0x04,0x00,0x02,0x00,0x33,0x08,0x0E,0x14,0x80,0x00,0x00,0x00,0x00,0x00,0x00,0x00,0x02,0x0F,0x27,0x08,0x02,0x00,0x01,0x00,0x20,0x44,0x00,0x4E,0x00,0x00,0x08,0xC0,0x44,0x00,0x11,0x11,0xEE,0xEE,0x00,0x2C,0x82,0x2C,0x82
TC58NVG6D2JTA00-VerA,0x98,0xDE,0xA4,0x82,0x76,0x57,0x0B,0x00,0x00,0x04,0x00,0x02,0x00,0x33,0x08,0x0E,0x15,0x80,0x00,0x00,0x01,0x01,0x00,0x15,0x00,0x01,0x0E,0x2C,0x08,0x02,0x00,0x01,0x00,0x19,0x43,0x80,0x4E,0x00,0x54,0x10,0x80,0x22,0x00,0x11,0x11,0x11,0x11,0x00,0x2C,0x82,0x2C,0x82
TC58TEG6D2JTA00-VerA,0x98,0xDE,0xA4,0x82,0x76,0xD7,0x0B,0x00,0x01,0x04,0x00,0x02,0x00,0x33,0x08,0x0E,0x15,0x80,0x00,0x00,0x01,0x01,0x00,0x15,0x00,0x01,0x0E,0x27,0x08,0x02,0x00,0x01,0x00,0x19,0x43,0x80,0x54,0x00,0x54,0x10,0x80,0x22,0x00,0x00,0x00,0xEE,0xEE,0x00,0x2C,0x82,0x2C,0x82
H27UCG8T2BYR,0xAD,0xDE,0x94,0xEB,0x74,0x44,0xAD,0x00,0x00,0x04,0x00,0x02,0x00,0x33,0x08,0x0E,0x14,0x80,0x00,0x00,0x01,0x01,0x00,0x2A,0x00,0x01,0x0F,0x2C,0x08,0x02,0x00,0x01,0x00,0x20,0x43,0x80,0x4E,0x00,0x54,0x08,0x00,0x45,0x00,0x11,0x11,0xEE,0xEE,0x00,0x2C,0x82,0x2C,0x82
H27UCG8T2ATR,0xAD,0xDE,0x94,0xDA,0x74,0xC4,0xAD,0x00,0x00,0x04,0x00,0x02,0x00,0x33,0x08,0x0E,0x15,0x80,0x00,0x00,0x01,0x01,0x00,0x15,0x00,0x01,0x0E,0x2C,0x08,0x02,0x00,0x01,0x00,0x20,0x43,0x80,0x4E,0x00,0x54,0x10,0x80,0x22,0x00,0x11,0x11,0xEE,0xEE,0x00,0x2C,0x82,0x2C,0x82
H27UBG8T2CTR ,0xAD,0xD7,0x94,0x91,0x60,0x44,0xAD,0x00,0x00,0x04,0x00,0x02,0x00,0x33,0x08,0x0E,0x14,0x80,0x00,0x00,0x01,0x01,0x00,0x16,0x00,0x01,0x0E,0x2C,0x08,0x02,0x00,0x01,0x00,0x20,0x43,0x80,0x4E,0x00,0x2C,0x08,0x80,0x22,0x00,0x11,0x11,0xEE,0xEE,0x00,0x2C,0x82,0x2C,0x82
K9ABGD8U0C,0xEC,0xD7,0x98,0xCE,0x74,0xC4,0xEC,0x00,0x01,0x08,0x00,0x02,0x00,0x33,0x08,0x0E,0x14,0x80,0x00,0x00,0x01,0x01,0x01,0x75,0xC0,0x00,0x0E,0x3C,0x08,0x04,0x00,0x01,0x00,0x21,0x00,0x56,0x54,0x01,0xEA,0x0A,0x00,0x24,0x00,0x00,0x00,0xEE,0xEE,0x00,0x3C,0x84,0x44,0x82
K9ACGD8U0M,0xEC,0xDE,0x98,0xCE,0x74,0xC4,0xEC,0x00,0x01,0x08,0x00,0x02,0x00,0x33,0x08,0x0E,0x15,0x80,0x00,0x00,0x01,0x01,0x01,0x72,0xC0,0x00,0x0E,0x3C,0x08,0x04,0x00,0x01,0x00,0x21,0x00,0x56,0x54,0x01,0xC8,0x15,0x00,0x24,0x00,0x00,0x00,0xEE,0xEE,0x00,0x3C,0x84,0x44,0x82
29F64G08AAME1 -L74A,0x89,0x88,0x24,0x4B,0xA9,0x00,0x00,0x00,0x04,0x04,0x00,0x02,0x00,0x33,0x08,0x0E,0x14,0x80,0x00,0x00,0x00,0x00,0x00,0x00,0x00,0x01,0x0E,0x1D,0x08,0x02,0x00,0x01,0x00,0x25,0x44,0x80,0x4E,0x00,0x00,0x10,0xC0,0x21,0x00,0x11,0x11,0xEE,0xEE,0x00,0x2C,0x82,0x2C,0x82
29F64G08CBABA-L84A-China,0x89,0x64,0x44,0x4B,0xA9,0x00,0x00,0x00,0x04,0x04,0x00,0x02,0x00,0x33,0x08,0x0E,0x14,0x80,0x00,0x00,0x00,0x00,0x00,0x00,0x00,0x01,0x0E,0x2C,0x08,0x02,0x00,0x01,0x00,0x20,0x44,0x80,0x4E,0x00,0x00,0x10,0xE8,0x22,0x00,0x11,0x11,0xEE,0xEE,0x00,0x2C,0x82,0x2C,0x82
29F64G08CBABA-L84A,0x2C,0x64,0x44,0x4B,0xA9,0x00,0x00,0x00,0x04,0x04,0x00,0x02,0x00,0x33,0x08,0x0E,0x14,0x80,0x00,0x00,0x00,0x00,0x00,0x00,0x00,0x01,0x0E,0x2C,0x08,0x02,0x00,0x01,0x00,0x20,0x44,0x80,0x4E,0x00,0x00,0x10,0xE8,0x22,0x00,0x11,0x11,0xEE,0xEE,0x00,0x2C,0x82,0x2C,0x82
29F16B08CATE1-B74-M,0x2C,0x88,0x08,0x5F,0x89,0x00,0x00,0x00,0x00,0x08,0x00,0x02,0x01,0x33,0x08,0x0E,0x16,0x80,0x00,0x00,0x01,0x01,0x01,0x58,0x80,0x01,0x0E,0x3C,0x08,0x02,0x00,0x01,0x00,0x25,0x00,0x80,0x4E,0x01,0x60,0x15,0xD0,0x23,0x00,0x11,0x11,0xEE,0xEE,0x00,0x3C,0x84,0x44,0x82
H27UBG8T2BTR,0xAD,0xD7,0x94,0xDA,0x74,0xC3,0xAD,0x00,0x00,0x04,0x00,0x02,0x00,0x33,0x08,0x0E,0x13,0x80,0x00,0x00,0x01,0x01,0x00,0x00,0x00,0x01,0x0E,0x2C,0x08,0x02,0x00,0x01,0x00,0x26,0x43,0x80,0x4E,0x00,0x00,0x08,0x80,0x22,0x00,0x11,0x11,0xEE,0xEE,0x00,0x2C,0x82,0x2C,0x82
H27UCG8T2MYR,0xAD,0xDE,0x94,0xD2,0x04,0x43,0xAD,0x00,0x00,0x04,0x00,0x02,0x00,0x33,0x08,0x0E,0x14,0x80,0x00,0x00,0x00,0x00,0x00,0x00,0x00,0x01,0x0E,0x1D,0x08,0x02,0x00,0x01,0x00,0x26,0x43,0x80,0x4E,0x00,0x00,0x10,0xC0,0x21,0x00,0x11,0x11,0xEE,0xEE,0x00,0x2C,0x82,0x2C,0x82
29F256G08EJAAA,0x2C,0xA8,0x09,0xDF,0x89,0x00,0x00,0x00,0x00,0x08,0x00,0x04,0x01,0x33,0x08,0x0E,0x16,0x80,0x01,0x01,0x01,0x01,0x01,0x58,0x80,0x01,0x0E,0x3C,0x08,0x02,0x00,0x01,0x00,0x25,0x00,0x80,0x4E,0x01,0x60,0x15,0xD0,0x23,0x00,0x11,0x11,0xEE,0xEE,0x00,0x3C,0x84,0x44,0x82
TC58TEG6DDJTA00-verC,0x98,0xDE,0x94,0x93,0x76,0x57,0x08,0x00,0x00,0x04,0x00,0x02,0x01,0x33,0x08,0x0E,0x14,0x80,0x00,0x00,0x01,0x01,0x00,0x22,0x00,0x01,0x0F,0x2C,0x08,0x02,0x00,0x01,0x00,0x19,0x21,0x80,0x4E,0x00,0x44,0x08,0x00,0x45,0x00,0x11,0x11,0x11,0x11,0x00,0x2C,0x82,0x2C,0x82
SDTNQGAMA-008G,0x45,0xDE,0x94,0x93,0x76,0x57,0x08,0x00,0x00,0x04,0x00,0x02,0x01,0x33,0x08,0x0E,0x14,0x80,0x00,0x00,0x01,0x01,0x00,0x22,0x00,0x01,0x0F,0x2C,0x08,0x02,0x00,0x01,0x00,0x19,0x21,0x80,0x4E,0x00,0x44,0x08,0x00,0x45,0x00,0x11,0x11,0x11,0x11,0x00,0x2C,0x82,0x2C,0x82
29F128G08CBCAB-L85-I,0x89,0x84,0x64,0x3C,0xA5,0x00,0x00,0x00,0x04,0x04,0x00,0x02,0x00,0x33,0x08,0x0E,0x14,0x80,0x00,0x00,0x00,0x00,0x00,0x00,0x00,0x02,0x0F,0x27,0x08,0x02,0x00,0x01,0x00,0x20,0x44,0x00,0x4E,0x00,0x00,0x08,0xC0,0x44,0x00,0x11,0x11,0xEE,0xEE,0x00,0x2C,0x82,0x2C,0x82
TH58TEG9T2JTA20,0x98,0x3C,0x99,0x92,0x76,0xD7,0x0B,0x00,0x01,0x08,0x00,0x04,0x01,0x33,0x08,0x0E,0x17,0x80,0x01,0x01,0x01,0x01,0x00,0x13,0x02,0x01,0x0E,0x3C,0x08,0x04,0x00,0x01,0x00,0x19,0x00,0x56,0x54,0x01,0x30,0x41,0x00,0x24,0x00,0x00,0x00,0xEE,0xEE,0x00,0x3C,0x84,0x44,0x82
TH58TEG9T2JTA20-2Die,0x98,0x3C,0xA9,0x92,0x7A,0xD7,0x0B,0x00,0x01,0x08,0x00,0x04,0x01,0x33,0x08,0x0E,0x17,0x80,0x01,0x01,0x01,0x01,0x00,0x12,0x02,0x01,0x0E,0x3C,0x08,0x04,0x00,0x01,0x00,0x19,0x00,0x56,0x54,0x01,0x30,0x41,0x00,0x24,0x00,0x00,0x00,0xEE,0xEE,0x00,0x3C,0x84,0x44,0x82
SDTNPMCHEM-032G,0x45,0x3C,0xA6,0x82,0x7E,0x56,0x00,0x00,0x00,0x04,0x00,0x02,0x01,0x33,0x08,0x0E,0x17,0x80,0x02,0x01,0x01,0x01,0x00,0x11,0x00,0x01,0x0E,0x2C,0x08,0x02,0x00,0x01,0x00,0x24,0x43,0x80,0x4E,0x00,0x10,0x41,0x80,0x22,0x00,0x11,0x11,0xEE,0xEE,0x00,0x2C,0x82,0x2C,0x82
TC58NVG5T2HTA00-Lin,0x98,0xD7,0x98,0x92,0x72,0x56,0x0A,0x00,0x02,0x08,0x00,0x02,0x00,0x33,0x08,0x0E,0x14,0x80,0x00,0x00,0x01,0x01,0x00,0x28,0x02,0x01,0x0E,0x3C,0x08,0x04,0x00,0x01,0x00,0x19,0x00,0x56,0x4E,0x01,0x50,0x08,0x00,0x24,0x00,0x11,0x11,0xEE,0xEE,0x00,0x3C,0x84,0x44,0x82
SDTNQFAMA-008G,0x45,0xDE,0x84,0x93,0x72,0xD7,0x0A,0x00,0x01,0x04,0x00,0x01,0x00,0x33,0x08,0x0E,0x14,0x80,0x00,0x00,0x01,0x01,0x00,0x16,0x00,0x01,0x0F,0x27,0x08,0x02,0x00,0x01,0x00,0x19,0x21,0x80,0x54,0x00,0x2C,0x08,0x00,0x45,0x00,0x00,0x00,0xEE,0xEE,0x00,0x2C,0x82,0x2C,0x82
SDTNQFAMA-008G,0x45,0xDE,0x84,0x93,0x72,0x57,0x0A,0x00,0x00,0x04,0x00,0x01,0x00,0x33,0x08,0x0E,0x14,0x80,0x00,0x00,0x01,0x01,0x00,0x16,0x00,0x01,0x0F,0x2C,0x08,0x02,0x00,0x01,0x00,0x19,0x21,0x80,0x4E,0x00,0x2C,0x08,0x00,0x45,0x00,0x11,0x11,0xEE,0xEE,0x00,0x2C,0x82,0x2C,0x82
MT29F128G08EBAA-B85,0x2C,0x84,0x78,0x63,0xA9,0x00,0x00,0x00,0x00,0x08,0x00,0x02,0x01,0x33,0x08,0x0E,0x16,0x80,0x00,0x00,0x01,0x01,0x01,0x65,0x00,0x03,0x0E,0x3C,0x08,0x04,0x00,0x01,0x00,0x20,0x00,0x80,0x4E,0x01,0xCA,0x0A,0x50,0x24,0x00,0x11,0x11,0xEE,0xEE,0x00,0x3C,0x84,0x44,0x82
MT29F256G08CJAAA-L74A-2D,0x2C,0xA8,0x05,0xCB,0xA9,0x00,0x00,0x00,0x04,0x04,0x00,0x02,0x00,0x33,0x08,0x0E,0x15,0x80,0x01,0x01,0x00,0x00,0x00,0x00,0x00,0x01,0x0E,0x1D,0x08,0x02,0x00,0x01,0x00,0x25,0x44,0x80,0x4E,0x00,0x00,0x20,0xC0,0x21,0x00,0x11,0x11,0xEE,0xEE,0x00,0x2C,0x82,0x2C,0x82
TC58TEG6DBHBAIC,0x98,0xDE,0x94,0x83,0x76,0xD6,0x00,0x00,0x01,0x04,0x00,0x02,0x01,0x33,0x08,0x0E,0x14,0x80,0x00,0x00,0x01,0x01,0x00,0x11,0x80,0x00,0x0F,0x27,0x08,0x02,0x00,0x01,0x00,0x24,0x21,0x80,0x54,0x00,0x44,0x10,0x00,0x45,0x00,0x00,0x00,0xEE,0xEE,0x00,0x2C,0x82,0x2C,0x82
TC58TEGG5T2JTA00,0x98,0xD7,0x98,0x92,0x72,0xD7,0x08,0x00,0x01,0x08,0x00,0x02,0x00,0x33,0x08,0x0E,0x14,0x80,0x00,0x00,0x01,0x01,0x00,0x28,0x02,0x01,0x0E,0x3C,0x08,0x04,0x00,0x01,0x00,0x19,0x00,0x56,0x54,0x01,0x50,0x08,0x00,0x24,0x00,0x00,0x00,0xEE,0xEE,0x00,0x3C,0x84,0x44,0x82
TC58TEG6T2JTA00,0x98,0xDE,0x98,0x92,0x72,0xD7,0x0B,0x00,0x01,0x08,0x00,0x02,0x00,0x33,0x08,0x0E,0x15,0x80,0x00,0x00,0x01,0x01,0x00,0x12,0x02,0x01,0x0E,0x3C,0x08,0x04,0x00,0x01,0x00,0x19,0x00,0x56,0x54,0x01,0x48,0x10,0x00,0x24,0x00,0x00,0x00,0xEE,0xEE,0x00,0x3C,0x84,0x44,0x82
SDTNPQAHEM-16KP,0x45,0xDE,0x94,0x83,0x76,0x56,0x00,0x00,0x00,0x04,0x00,0x02,0x01,0x33,0x08,0x0E,0x14,0x80,0x00,0x00,0x01,0x01,0x00,0x11,0x80,0x00,0x0F,0x2C,0x08,0x02,0x00,0x01,0x00,0x24,0x21,0x80,0x4E,0x00,0x44,0x10,0x00,0x45,0x00,0x11,0x11,0xEE,0xEE,0x00,0x2C,0x82,0x2C,0x82
TC58NVG5D2FTA00-S,0x45,0xD7,0x94,0x32,0x76,0xD5,0x00,0x00,0x00,0x04,0x00,0x02,0x01,0x33,0x08,0x0E,0x14,0x80,0x00,0x00,0x01,0x01,0x00,0x01,0x80,0x00,0x0E,0x1D,0x08,0x02,0x00,0x01,0x00,0x32,0x21,0x80,0x4E,0x00,0x04,0x10,0xC0,0x21,0x00,0x11,0x11,0xEE,0xEE,0x00,0x2C,0x82,0x2C,0x82
TC58NVG5D2FTA00,0x98,0xD7,0x94,0x32,0x76,0xD5,0x00,0x00,0x00,0x04,0x00,0x02,0x01,0x33,0x08,0x0E,0x14,0x80,0x00,0x00,0x01,0x01,0x00,0x01,0x80,0x00,0x0E,0x1D,0x08,0x02,0x00,0x01,0x00,0x32,0x21,0x80,0x4E,0x00,0x04,0x10,0xC0,0x21,0x00,0x11,0x11,0xEE,0xEE,0x00,0x2C,0x82,0x2C,0x82
TC58NVG6DCJTA00-T,0x98,0xDE,0x84,0x93,0x72,0xD7,0x0A,0x00,0x01,0x04,0x00,0x01,0x00,0x33,0x08,0x0E,0x14,0x80,0x00,0x00,0x01,0x01,0x00,0x16,0x00,0x01,0x0F,0x27,0x08,0x02,0x00,0x01,0x00,0x19,0x21,0x80,0x54,0x00,0x2C,0x08,0x00,0x45,0x00,0x00,0x00,0xEE,0xEE,0x00,0x2C,0x82,0x2C,0x82
SDTNQGAMA-008G,0x45,0xDE,0x94,0x93,0x76,0xD7,0x08,0x00,0x01,0x04,0x00,0x02,0x01,0x33,0x08,0x0E,0x14,0x80,0x00,0x00,0x01,0x01,0x00,0x22,0x00,0x01,0x0F,0x27,0x08,0x02,0x00,0x01,0x00,0x19,0x21,0x80,0x54,0x00,0x44,0x08,0x00,0x45,0x00,0x00,0x00,0xEE,0xEE,0x00,0x2C,0x82,0x2C,0x82
TC58NVG6D2GTA00,0x98,0xDE,0x94,0x82,0x76,0x56,0x00,0x00,0x00,0x04,0x00,0x02,0x01,0x33,0x08,0x0E,0x15,0x80,0x00,0x00,0x01,0x01,0x00,0x07,0x00,0x01,0x0E,0x2C,0x08,0x02,0x00,0x01,0x00,0x24,0x43,0x80,0x4E,0x00,0x1C,0x10,0x80,0x22,0x00,0x11,0x11,0x11,0x11,0x00,0x2C,0x82,0x2C,0x82
TH58NVG7DDJTA00-verC,0x98,0x3A,0x95,0x93,0x7A,0x57,0x08,0x00,0x00,0x04,0x00,0x02,0x01,0x33,0x08,0x0E,0x15,0x80,0x01,0x01,0x01,0x01,0x00,0x22,0x00,0x01,0x0F,0x2C,0x08,0x02,0x00,0x01,0x00,0x19,0x21,0x80,0x4E,0x00,0x88,0x10,0x00,0x45,0x00,0x11,0x11,0x11,0x11,0x00,0x2C,0x82,0x2C,0x82
SDTNQCAMA-004G,0x45,0xD7,0x98,0x92,0x72,0x57,0x08,0x00,0x02,0x08,0x00,0x02,0x00,0x33,0x08,0x0E,0x14,0x80,0x00,0x00,0x01,0x01,0x00,0x28,0x02,0x01,0x0E,0x3C,0x08,0x04,0x00,0x01,0x00,0x19,0x00,0x56,0x4E,0x01,0x50,0x08,0x00,0x24,0x00,0x11,0x11,0xEE,0xEE,0x00,0x3C,0x84,0x44,0x82
SDTNQCAMA-008G,0x45,0xDE,0x98,0x92,0x72,0x57,0x0B,0x00,0x02,0x08,0x00,0x02,0x00,0x33,0x08,0x0E,0x15,0x80,0x00,0x00,0x01,0x01,0x00,0x12,0x02,0x01,0x0E,0x3C,0x08,0x04,0x00,0x01,0x00,0x19,0x00,0x56,0x4E,0x01,0x48,0x10,0x00,0x24,0x00,0x11,0x11,0xEE,0xEE,0x00,0x3C,0x84,0x44,0x82
SDTNQCAMA ¡V 016G,0x45,0x3A,0xA8,0x92,0x76,0x57,0x0A,0x00,0x02,0x08,0x00,0x04,0x01,0x33,0x08,0x0E,0x16,0x80,0x00,0x00,0x01,0x01,0x00,0x13,0x02,0x01,0x0E,0x3C,0x08,0x04,0x00,0x01,0x00,0x19,0x00,0x56,0x4E,0x01,0x98,0x20,0x00,0x24,0x00,0x11,0x11,0xEE,0xEE,0x00,0x3C,0x84,0x44,0x82
SDTNQCAMA ¡V 016G,0x45,0x4C,0xA8,0x92,0x76,0x57,0x0A,0x00,0x02,0x08,0x00,0x04,0x01,0x33,0x08,0x0E,0x16,0x80,0x00,0x00,0x01,0x01,0x00,0x13,0x02,0x01,0x0E,0x3C,0x08,0x04,0x00,0x01,0x00,0x19,0x00,0x56,0x4E,0x01,0x98,0x20,0x00,0x24,0x00,0x11,0x11,0xEE,0xEE,0x00,0x3C,0x84,0x44,0x82
MT29F128G08CBCCB-L95B,0x2C,0x84,0x64,0x54,0xA9,0x00,0x00,0x00,0x04,0x04,0x00,0x02,0x00,0x33,0x08,0x0E,0x15,0x80,0x00,0x00,0x00,0x01,0x00,0x18,0x00,0x02,0x0F,0x3C,0x08,0x02,0x00,0x01,0x00,0x16,0x45,0x80,0x4E,0x00,0x30,0x08,0x50,0x47,0x00,0x11,0x11,0xEE,0xEE,0x00,0x2C,0x82,0x2C,0x82
MT29F512G08C[K/M]CCB-L95B,0x2C,0xA4,0xE5,0x54,0xA9,0x00,0x00,0x00,0x04,0x04,0x00,0x02,0x00,0x33,0x08,0x0E,0x16,0x80,0x01,0x01,0x00,0x01,0x00,0x18,0x00,0x02,0x0F,0x3C,0x08,0x02,0x00,0x01,0x00,0x16,0x45,0x80,0x4E,0x00,0x60,0x10,0x50,0x47,0x00,0x11,0x11,0xEE,0xEE,0x00,0x2C,0x82,0x2C,0x82
TC58TEG6TCKTA00-1Y,0x98,0xDE,0x98,0x92,0x72,0x50,0x00,0x00,0x02,0x08,0x00,0x02,0x01,0x33,0x08,0x0E,0x15,0x80,0x00,0x00,0x01,0x01,0x00,0x16,0x02,0x01,0x0E,0x3C,0x08,0x04,0x00,0x01,0x00,0x16,0x00,0x56,0x4E,0x01,0x58,0x10,0xD0,0x23,0x00,0x11,0x11,0xEE,0xEE,0x00,0x3C,0x84,0x44,0x82
TC58TEG6TCKTA00-1Y-1,0x98,0xDE,0xA8,0x92,0x72,0x50,0x00,0x00,0x02,0x08,0x00,0x02,0x01,0x33,0x08,0x0E,0x15,0x80,0x00,0x00,0x01,0x01,0x00,0x16,0x02,0x01,0x0E,0x3C,0x08,0x04,0x00,0x01,0x00,0x16,0x00,0x56,0x4E,0x01,0x58,0x10,0xD0,0x23,0x00,0x11,0x11,0xEE,0xEE,0x00,0x3C,0x84,0x44,0x82
TC58TEF6DDK,0x98,0xDE,0x94,0x93,0x76,0x50,0x00,0x00,0x00,0x04,0x00,0x02,0x01,0x33,0x08,0x0E,0x14,0x80,0x00,0x00,0x01,0x01,0x00,0x2A,0x00,0x01,0x0F,0x2C,0x08,0x02,0x00,0x01,0x00,0x16,0x21,0x80,0x4E,0x00,0x54,0x08,0x00,0x45,0x00,0x11,0x11,0x11,0x11,0x00,0x2C,0x82,0x2C,0x82
TH58NVG7D7FBAK0,0x98,0xCE,0x95,0x32,0x7A,0x55,0x0D,0x00,0x00,0x04,0x00,0x02,0x01,0x33,0x10,0x0E,0x15,0x80,0x01,0x01,0x01,0x01,0x00,0x01,0x80,0x00,0x0E,0x1D,0x08,0x02,0x00,0x01,0x00,0x32,0x21,0x80,0x4E,0x00,0x08,0x20,0xC0,0x21,0x00,0x11,0x11,0xEE,0xEE,0x00,0x2C,0x82,0x2C,0x82
H2JTCG8T22MBR(E2NAND),0xAD,0x82,0x52,0x23,0x21,0x02,0x00,0x00,0x00,0x04,0x00,0x01,0x00,0x33,0x08,0x0E,0x14,0x80,0x01,0x01,0x01,0x01,0x00,0x24,0x00,0x01,0x0F,0x00,0x08,0x02,0x00,0x01,0x00,0x20,0x00,0x80,0x4E,0x00,0x48,0x08,0x40,0x40,0x00,0x11,0x11,0xEE,0xEE,0x00,0x2C,0x82,0x2C,0x82
SDTNPMAHEM-08G,0x45,0xDE,0xA4,0x82,0x76,0x56,0x09,0x00,0x00,0x04,0x00,0x02,0x01,0x33,0x08,0x0E,0x15,0x80,0x00,0x00,0x01,0x01,0x00,0x11,0x00,0x01,0x0E,0x2C,0x08,0x02,0x00,0x01,0x00,0x24,0x43,0x80,0x4E,0x00,0x44,0x10,0x80,0x22,0x00,0x11,0x11,0xEE,0xEE,0x00,0x2C,0x82,0x2C,0x82
TH58NVG5D2F,0x98,0xD7,0x94,0x32,0x76,0x55,0x0D,0x00,0x00,0x04,0x00,0x02,0x01,0x33,0x08,0x0E,0x14,0x80,0x00,0x00,0x01,0x01,0x00,0x01,0x80,0x00,0x0E,0x1D,0x08,0x02,0x00,0x01,0x00,0x32,0x21,0x80,0x4E,0x00,0x04,0x10,0xC0,0x21,0x00,0x11,0x11,0xEE,0xEE,0x00,0x2C,0x82,0x2C,0x82
TC58NVG5DCJTA00,0x98,0xD7,0x84,0x93,0x72,0x57,0x08,0x00,0x00,0x04,0x00,0x01,0x00,0x33,0x08,0x0E,0x13,0x80,0x00,0x00,0x01,0x01,0x00,0x24,0x00,0x01,0x0F,0x2C,0x08,0x02,0x00,0x01,0x00,0x19,0x21,0x00,0x4E,0x00,0x24,0x04,0x00,0x45,0x00,0x11,0x11,0xEE,0xEE,0x00,0x2C,0x82,0x2C,0x82
TC58TEF6DDK-Toggle,0x98,0xDE,0x94,0x93,0x76,0xD0,0x00,0x00,0x01,0x04,0x00,0x02,0x01,0x33,0x08,0x0E,0x14,0x80,0x00,0x00,0x01,0x01,0x00,0x2A,0x00,0x01,0x0F,0x27,0x08,0x02,0x00,0x01,0x00,0x16,0x21,0x80,0x54,0x00,0x54,0x08,0x00,0x45,0x00,0x00,0x00,0xEE,0xEE,0x00,0x2C,0x82,0x2C,0x82
TC58NVG7D2HTA00,0x98,0x3A,0xA5,0x82,0x7A,0xD6,0x09,0x00,0x01,0x04,0x00,0x02,0x01,0x33,0x08,0x0E,0x16,0x80,0x01,0x01,0x01,0x01,0x00,0x11,0x00,0x01,0x0E,0x27,0x08,0x02,0x00,0x01,0x00,0x24,0x43,0x80,0x54,0x00,0x88,0x20,0x80,0x22,0x00,0x00,0x00,0xEE,0xEE,0x00,0x2C,0x82,0x2C,0x82
TC58NVG4D2HTA00 ,0x98,0xD5,0x84,0x32,0x72,0x56,0x00,0x00,0x00,0x04,0x00,0x01,0x01,0x33,0x08,0x0E,0x13,0x80,0x00,0x00,0x01,0x01,0x00,0x04,0x80,0x00,0x0E,0x2C,0x08,0x02,0x00,0x01,0x00,0x24,0x43,0x80,0x4E,0x00,0x08,0x08,0x80,0x22,0x00,0x11,0x11,0xEE,0xEE,0x00,0x2C,0x82,0x2C,0x82
TC58NVG7D2HTA00 ,0x98,0x3A,0xA5,0x82,0x7A,0x56,0x0C,0x00,0x00,0x04,0x00,0x02,0x01,0x33,0x08,0x0E,0x16,0x80,0x01,0x01,0x01,0x01,0x00,0x11,0x00,0x01,0x0E,0x2C,0x08,0x02,0x00,0x01,0x00,0x24,0x43,0x80,0x4E,0x00,0x88,0x20,0x80,0x22,0x00,0x11,0x11,0xEE,0xEE,0x00,0x2C,0x82,0x2C,0x82
SDTNQEDMM ¡V 064G,0x45,0x3E,0xAA,0x92,0x7E,0x57,0x0B,0x00,0x02,0x08,0x00,0x04,0x01,0x33,0x08,0x0E,0x18,0x80,0x02,0x01,0x01,0x01,0x00,0x13,0x02,0x01,0x0E,0x3C,0x08,0x04,0x00,0x01,0x00,0x19,0x00,0x56,0x4E,0x01,0x60,0x82,0x00,0x24,0x00,0x11,0x11,0xEE,0xEE,0x00,0x3C,0x84,0x44,0x82
TH58TEG7DDJTA00-verC,0x98,0x3A,0x95,0x93,0x7A,0xD7,0x08,0x00,0x01,0x04,0x00,0x02,0x01,0x33,0x08,0x0E,0x15,0x80,0x01,0x01,0x01,0x01,0x00,0x22,0x00,0x01,0x0F,0x27,0x08,0x02,0x00,0x01,0x00,0x19,0x21,0x80,0x54,0x00,0x88,0x10,0x00,0x45,0x00,0x00,0x00,0x11,0x11,0x00,0x2C,0x82,0x2C,0x82
TH58NVG8D7FBAK0-16 bit,0x98,0x4A,0x96,0x32,0x7E,0x55,0x0D,0x00,0x00,0x04,0x00,0x02,0x01,0x33,0x10,0x0E,0x16,0x80,0x02,0x01,0x01,0x01,0x00,0x01,0x80,0x00,0x0E,0x1D,0x08,0x02,0x00,0x01,0x00,0x32,0x21,0x80,0x4E,0x00,0x10,0x40,0xC0,0x21,0x00,0x11,0x11,0xEE,0xEE,0x00,0x2C,0x82,0x2C,0x82
TH58TEG7DBHBAMC 2416K,0x98,0x3A,0x95,0x83,0x7A,0x56,0x00,0x00,0x00,0x04,0x00,0x02,0x01,0x33,0x08,0x0E,0x15,0x80,0x01,0x01,0x01,0x01,0x00,0x11,0x80,0x00,0x0F,0x2C,0x08,0x02,0x00,0x01,0x00,0x24,0x21,0x80,0x4E,0x00,0x88,0x20,0x00,0x45,0x00,0x11,0x11,0xEE,0xEE,0x00,0x2C,0x82,0x2C,0x82
TC58TEG6DBHBAIC-Legacy,0x98,0xDE,0x94,0x83,0x76,0x56,0x00,0x00,0x00,0x04,0x00,0x02,0x01,0x33,0x08,0x0E,0x14,0x80,0x00,0x00,0x01,0x01,0x00,0x11,0x80,0x00,0x0F,0x2C,0x08,0x02,0x00,0x01,0x00,0x24,0x21,0x80,0x4E,0x00,0x44,0x10,0x00,0x45,0x00,0x11,0x11,0xEE,0xEE,0x00,0x2C,0x82,0x2C,0x82
SDTNPNAHEM-008G,0x45,0xDE,0x98,0x92,0x72,0x56,0x0F,0x00,0x02,0x08,0x00,0x02,0x00,0x33,0x08,0x0E,0x15,0x80,0x00,0x00,0x01,0x01,0x00,0x12,0x02,0x01,0x0E,0x3C,0x08,0x04,0x00,0x01,0x00,0x24,0x00,0x56,0x4E,0x01,0x48,0x10,0x00,0x24,0x00,0x11,0x11,0xEE,0xEE,0x00,0x3C,0x84,0x44,0x82
SDTNPQAHEM-16KP,0x45,0xDE,0x94,0x83,0x76,0x56,0x00,0x00,0x00,0x04,0x00,0x02,0x01,0x33,0x08,0x0E,0x14,0x80,0x00,0x00,0x01,0x01,0x00,0x11,0x80,0x00,0x0F,0x2C,0x08,0x02,0x00,0x01,0x00,0x24,0x21,0x80,0x4E,0x00,0x44,0x10,0x00,0x45,0x00,0x11,0x11,0xEE,0xEE,0x00,0x2C,0x82,0x2C,0x82
SDTNQFAMA-008G,0x45,0xDE,0xA4,0x92,0x76,0x57,0x0B,0x00,0x00,0x04,0x00,0x02,0x00,0x33,0x08,0x0E,0x15,0x80,0x00,0x00,0x01,0x01,0x00,0x16,0x00,0x02,0x0E,0x2C,0x08,0x02,0x00,0x01,0x00,0x19,0x43,0x80,0x4E,0x00,0x2C,0x08,0x80,0x22,0x00,0x11,0x11,0xEE,0xEE,0x00,0x2C,0x82,0x2C,0x82
SDTNPMDHEM-064G,0x45,0x3E,0xA7,0x82,0x7E,0x56,0x00,0x00,0x00,0x04,0x00,0x02,0x01,0x33,0x08,0x0E,0x18,0x80,0x03,0x01,0x01,0x01,0x00,0x11,0x00,0x01,0x0E,0x2C,0x08,0x02,0x00,0x01,0x00,0x24,0x43,0x80,0x4E,0x00,0x20,0x82,0x80,0x22,0x00,0x11,0x11,0xEE,0xEE,0x00,0x2C,0x82,0x2C,0x82
TH58NVG5S0ETA20,0x98,0xD5,0x91,0x26,0x76,0x14,0x00,0x00,0x00,0x02,0x00,0x01,0x00,0x33,0x08,0x0D,0x13,0x40,0x01,0x01,0x00,0x00,0x00,0x00,0x40,0x00,0x0D,0x0C,0x08,0x02,0x00,0x01,0x00,0x43,0x00,0x40,0x4E,0x00,0x00,0x20,0xE0,0x10,0x00,0x11,0x11,0xEE,0xEE,0x00,0x2C,0x82,0x2C,0x82
TH58NVG7DCJTA00-T,0x98,0x3A,0x85,0x93,0x76,0xD7,0x0A,0x00,0x01,0x04,0x00,0x01,0x00,0x33,0x08,0x0E,0x15,0x80,0x01,0x01,0x01,0x01,0x00,0x16,0x00,0x01,0x0F,0x27,0x08,0x02,0x00,0x01,0x00,0x19,0x21,0x80,0x54,0x00,0x58,0x10,0x00,0x45,0x00,0x00,0x00,0xEE,0xEE,0x00,0x2C,0x82,0x2C,0x82
TC58NVGCD2FBK,0x98,0x37,0x94,0x32,0x76,0x55,0x00,0x00,0x00,0x04,0x00,0x02,0x01,0x33,0x08,0x0E,0x14,0x80,0x01,0x01,0x00,0x00,0x00,0x00,0x80,0x00,0x0E,0x1D,0x08,0x02,0x00,0x01,0x00,0x32,0x21,0x80,0x4E,0x00,0x00,0x20,0xC0,0x21,0x00,0x11,0x11,0xEE,0xEE,0x00,0x2C,0x82,0x2C,0x82
SDTNPMAHEM-08G ,0x45,0xDE,0xA4,0x82,0x76,0xD6,0x0C,0x00,0x01,0x04,0x00,0x02,0x01,0x33,0x08,0x0E,0x15,0x80,0x00,0x00,0x01,0x01,0x00,0x11,0x00,0x01,0x0E,0x27,0x08,0x02,0x00,0x01,0x00,0x24,0x43,0x80,0x54,0x00,0x44,0x10,0x80,0x22,0x00,0x00,0x00,0xEE,0xEE,0x00,0x2C,0x82,0x2C,0x82
SDTNPMBHEM-16GB,0x45,0x4C,0xA5,0x82,0x7A,0x56,0x0C,0x00,0x00,0x04,0x00,0x02,0x01,0x33,0x08,0x0E,0x16,0x80,0x01,0x01,0x01,0x01,0x00,0x11,0x00,0x01,0x0E,0x2C,0x08,0x02,0x00,0x01,0x00,0x24,0x43,0x80,0x4E,0x00,0x88,0x20,0x80,0x22,0x00,0x11,0x11,0xEE,0xEE,0x00,0x2C,0x82,0x2C,0x82
SDTNPQAHEM,0x45,0xDE,0x94,0x82,0x76,0x56,0x00,0x00,0x00,0x04,0x00,0x02,0x01,0x33,0x08,0x0E,0x15,0x80,0x00,0x00,0x01,0x01,0x00,0x07,0x00,0x01,0x0E,0x2C,0x08,0x02,0x00,0x01,0x00,0x24,0x43,0x80,0x4E,0x00,0x1C,0x10,0x80,0x22,0x00,0x11,0x11,0xEE,0xEE,0x00,0x2C,0x82,0x2C,0x82
TH58TEG7DBHBAMC 2416K-T,0x98,0x3A,0x95,0x83,0x7A,0xD6,0x00,0x00,0x01,0x04,0x00,0x02,0x01,0x33,0x08,0x0E,0x15,0x80,0x01,0x01,0x01,0x01,0x00,0x11,0x80,0x00,0x0F,0x27,0x08,0x02,0x00,0x01,0x00,0x24,0x21,0x80,0x54,0x00,0x88,0x20,0x00,0x45,0x00,0x00,0x00,0xEE,0xEE,0x00,0x2C,0x82,0x2C,0x82
SDZNPQBHER-08G,0x45,0x2D,0x94,0x82,0x76,0x56,0x00,0x00,0x00,0x04,0x00,0x02,0x01,0x33,0x08,0x0E,0x15,0x80,0x00,0x00,0x01,0x01,0x00,0x07,0x00,0x01,0x0E,0x2C,0x08,0x02,0x00,0x01,0x00,0x24,0x43,0x80,0x4E,0x00,0x1C,0x10,0x80,0x22,0x00,0x11,0x11,0xEE,0xEE,0x00,0x2C,0x82,0x2C,0x82
TH58NVG4E2F,0x98,0xE5,0x94,0x32,0x76,0x55,0x09,0x00,0x00,0x04,0x00,0x02,0x01,0x33,0x08,0x0E,0x13,0x80,0x00,0x00,0x01,0x01,0x00,0x0E,0x80,0x00,0x0E,0x1D,0x08,0x02,0x00,0x01,0x00,0x32,0x21,0x80,0x4E,0x00,0x1C,0x08,0xC0,0x21,0x00,0x11,0x11,0xEE,0xEE,0x00,0x2C,0x82,0x2C,0x82
JS29F16B08JAMDA/B,0x89,0x68,0x24,0x46,0xA9,0x00,0x00,0x00,0x04,0x04,0x00,0x02,0x00,0x33,0x08,0x0D,0x15,0x80,0x00,0x00,0x00,0x01,0x01,0x58,0x00,0x01,0x0D,0x19,0x08,0x02,0x00,0x01,0x00,0x34,0x43,0x00,0x4E,0x00,0x60,0x15,0xE0,0x10,0x00,0x11,0x11,0xEE,0xEE,0x00,0x2C,0x82,0x2C,0x82
K9ADGD8U0M,0xEC,0x1A,0xA8,0xDE,0x88,0xC5,0xEC,0x00,0x01,0x08,0x00,0x02,0x00,0x33,0x08,0x0E,0x16,0x80,0x00,0x00,0x01,0x01,0x00,0x17,0x00,0x01,0x0E,0x3C,0x08,0x04,0x00,0x01,0x00,0x19,0x00,0x56,0x54,0x01,0xBC,0x20,0x00,0x24,0x00,0x00,0x00,0xEE,0xEE,0x00,0x3C,0x84,0x44,0x82
MT29F32G08CBABA,0x2C,0x68,0x04,0x46,0xA9,0x00,0x00,0x00,0x04,0x04,0x00,0x02,0x00,0x33,0x08,0x0D,0x15,0x80,0x00,0x00,0x00,0x01,0x01,0x58,0x00,0x01,0x0D,0x19,0x08,0x02,0x00,0x01,0x00,0x34,0x43,0x00,0x4E,0x00,0x60,0x15,0xE0,0x10,0x00,0x11,0x11,0xEE,0xEE,0x00,0x2C,0x82,0x2C,0x82
TC58TEG6TCKTA00-1Y-Toggle,0x98,0xDE,0x98,0x92,0x72,0xD0,0x00,0x00,0x01,0x08,0x00,0x02,0x01,0x33,0x08,0x0E,0x15,0x80,0x00,0x00,0x01,0x01,0x00,0x16,0x02,0x01,0x0E,0x3C,0x08,0x04,0x00,0x01,0x00,0x16,0x00,0x56,0x54,0x01,0x58,0x10,0xD0,0x23,0x00,0x00,0x00,0xEE,0xEE,0x00,0x3C,0x84,0x44,0x82
TC58NVG7T2HTA00,0x98,0x3A,0x99,0x92,0x76,0x56,0x0F,0x00,0x02,0x08,0x00,0x02,0x00,0x33,0x08,0x0E,0x16,0x80,0x01,0x01,0x01,0x01,0x00,0x12,0x02,0x01,0x0E,0x3C,0x08,0x04,0x00,0x01,0x00,0x24,0x00,0x56,0x4E,0x01,0x90,0x20,0x00,0x24,0x00,0x11,0x11,0xEE,0xEE,0x00,0x3C,0x84,0x44,0x82
TC58NVG7D2GTA00,0x98,0x3A,0x95,0x82,0x7A,0x56,0x00,0x00,0x00,0x04,0x00,0x02,0x01,0x33,0x08,0x0E,0x16,0x80,0x01,0x01,0x01,0x01,0x00,0x07,0x00,0x01,0x0E,0x2C,0x08,0x02,0x00,0x01,0x00,0x24,0x43,0x80,0x4E,0x00,0x38,0x20,0x80,0x22,0x00,0x11,0x11,0xEE,0xEE,0x00,0x2C,0x82,0x2C,0x82
TC58NVG5D2HTA00,0x98,0xD7,0x94,0x32,0x76,0x56,0x00,0x00,0x00,0x04,0x00,0x02,0x01,0x33,0x08,0x0E,0x14,0x80,0x00,0x00,0x01,0x01,0x00,0x05,0x80,0x00,0x0E,0x2C,0x08,0x02,0x00,0x01,0x00,0x24,0x43,0x80,0x4E,0x00,0x14,0x10,0x80,0x22,0x00,0x11,0x11,0xEE,0xEE,0x00,0x2C,0x82,0x2C,0x82
H27UCG8T2E,0xAD,0xDE,0x14,0xA7,0x42,0x4A,0x00,0x00,0x00,0x04,0x00,0x02,0x00,0x33,0x08,0x0E,0x14,0x80,0x00,0x00,0x01,0x01,0x00,0x24,0x00,0x01,0x0F,0x2C,0x08,0x02,0x00,0x01,0x00,0x16,0x21,0x80,0x4E,0x00,0x48,0x08,0x80,0x46,0x00,0x11,0x11,0xEE,0xEE,0x00,0x2C,0x82,0x2C,0x82
TC58NVG5D2HTA00-Sandisk,0x45,0xD7,0x94,0x32,0x76,0x56,0x00,0x00,0x00,0x04,0x00,0x02,0x01,0x33,0x08,0x0E,0x14,0x80,0x00,0x00,0x01,0x01,0x00,0x05,0x80,0x00,0x0E,0x2C,0x08,0x02,0x00,0x01,0x00,0x24,0x43,0x80,0x4E,0x00,0x14,0x10,0x80,0x22,0x00,0x11,0x11,0xEE,0xEE,0x00,0x2C,0x82,0x2C,0x82
TC58TEF5DDK,0x98,0xD7,0x84,0x93,0x72,0x50,0x00,0x00,0x00,0x04,0x00,0x01,0x01,0x33,0x08,0x0E,0x13,0x80,0x00,0x00,0x01,0x01,0x00,0x24,0x00,0x01,0x0F,0x2C,0x08,0x02,0x00,0x01,0x00,0x16,0x21,0x80,0x4E,0x00,0x24,0x04,0x00,0x45,0x00,0x11,0x11,0x11,0x11,0x00,0x2C,0x82,0x2C,0x82
TH58TEG8TDKTA00-1Y-ED3,0x98,0x3C,0xA9,0x92,0x7A,0x50,0x00,0x00,0x02,0x08,0x00,0x04,0x00,0x33,0x08,0x0E,0x17,0x80,0x01,0x01,0x01,0x01,0x00,0x16,0x02,0x01,0x0E,0x3C,0x08,0x04,0x00,0x01,0x00,0x16,0x00,0x56,0x4E,0x01,0x70,0x41,0xD0,0x23,0x00,0x11,0x11,0xEE,0xEE,0x00,0x3C,0x84,0x44,0x82
SDTNQCCMM-032G,0x45,0x3C,0x9A,0x92,0x7A,0x57,0x0B,0x00,0x02,0x08,0x00,0x02,0x00,0x33,0x08,0x0E,0x17,0x80,0x02,0x01,0x01,0x01,0x00,0x12,0x02,0x01,0x0E,0x3C,0x08,0x04,0x00,0x01,0x00,0x19,0x00,0x56,0x4E,0x01,0x20,0x41,0x00,0x24,0x00,0x11,0x11,0xEE,0xEE,0x00,0x3C,0x84,0x44,0x82
TC58TEF7DDK-Toggle,0x98,0x3A,0x95,0x93,0x7A,0xD0,0x00,0x00,0x01,0x04,0x00,0x02,0x01,0x33,0x08,0x0E,0x15,0x80,0x01,0x01,0x01,0x01,0x00,0x2A,0x00,0x01,0x0F,0x27,0x08,0x02,0x00,0x01,0x00,0x16,0x21,0x80,0x54,0x00,0xA8,0x10,0x00,0x45,0x00,0x00,0x00,0xEE,0xEE,0x00,0x2C,0x82,0x2C,0x82
SDTNQFBMM-016G,0x45,0x3A,0x85,0x93,0x76,0x57,0x0A,0x00,0x00,0x04,0x00,0x01,0x00,0x33,0x08,0x0E,0x15,0x80,0x01,0x01,0x01,0x01,0x00,0x16,0x00,0x01,0x0F,0x2C,0x08,0x02,0x00,0x01,0x00,0x19,0x21,0x80,0x4E,0x00,0x58,0x10,0x00,0x45,0x00,0x11,0x11,0xEE,0xEE,0x00,0x2C,0x82,0x2C,0x82
29F512G08CKCAB-L85,0x2C,0xA4,0xE5,0x3C,0xA5,0x00,0x00,0x00,0x04,0x04,0x00,0x02,0x00,0x33,0x08,0x0E,0x15,0x80,0x01,0x01,0x00,0x00,0x00,0x00,0x00,0x02,0x0F,0x27,0x08,0x02,0x00,0x01,0x00,0x20,0x44,0x00,0x4E,0x00,0x00,0x10,0xC0,0x44,0x00,0x11,0x11,0xEE,0xEE,0x00,0x2C,0x82,0x2C,0x82
TH58NVG5E2F,0x98,0xD7,0xD4,0x32,0x76,0xD5,0x0D,0x00,0x01,0x04,0x00,0x02,0x01,0x33,0x08,0x0E,0x14,0x80,0x00,0x00,0x01,0x01,0x00,0x0D,0x80,0x00,0x0E,0x22,0x08,0x04,0x00,0x01,0x00,0x32,0x21,0x80,0x54,0x00,0x34,0x10,0xC0,0x21,0x00,0x11,0x11,0xEE,0xEE,0x00,0x2C,0x82,0x2C,0x82
TH58NVG6E2F,0x98,0xDE,0xD5,0x32,0x7A,0xD5,0x0D,0x00,0x01,0x04,0x00,0x02,0x01,0x33,0x08,0x0E,0x15,0x80,0x01,0x01,0x01,0x01,0x00,0x0D,0x80,0x00,0x0E,0x22,0x08,0x04,0x00,0x01,0x00,0x32,0x21,0x80,0x54,0x00,0x68,0x20,0xC0,0x21,0x00,0x11,0x11,0xEE,0xEE,0x00,0x2C,0x82,0x2C,0x82
TC58TEG7TCKTA00-1Y-1,0x98,0x3A,0xA8,0x92,0x76,0x50,0x00,0x00,0x02,0x08,0x00,0x04,0x01,0x33,0x08,0x0E,0x16,0x80,0x00,0x00,0x01,0x01,0x00,0x17,0x02,0x01,0x0E,0x3C,0x08,0x04,0x00,0x01,0x00,0x16,0x00,0x56,0x4E,0x01,0xB8,0x20,0xD0,0x23,0x00,0x11,0x11,0x11,0x11,0x00,0x3C,0x84,0x44,0x82
TC58TEG6TKKTA00-1Y,0x98,0xDE,0xA8,0x92,0x76,0x50,0x00,0x00,0x02,0x08,0x00,0x04,0x01,0x33,0x08,0x0E,0x15,0x80,0x00,0x00,0x01,0x01,0x00,0x3A,0x02,0x01,0x0E,0x3C,0x08,0x04,0x00,0x01,0x00,0x16,0x00,0x56,0x4E,0x01,0xE8,0x10,0xD0,0x23,0x00,0x11,0x11,0xEE,0xEE,0x00,0x3C,0x84,0x44,0x82
29F08B08MCMFH-L84D,0x89,0x64,0x64,0x3C,0xA1,0x0C,0x00,0x00,0x04,0x04,0x00,0x02,0x00,0x33,0x08,0x0E,0x14,0x80,0x00,0x00,0x01,0x01,0x00,0x18,0x00,0x02,0x0F,0x27,0x08,0x02,0x00,0x01,0x00,0x20,0x45,0x00,0x4E,0x00,0x18,0x04,0xC0,0x44,0x00,0x11,0x11,0xEE,0xEE,0x00,0x2C,0x82,0x2C,0x82
TH58TEG7DDKTA00,0x98,0x3A,0xA4,0x93,0x7A,0xD0,0x00,0x00,0x01,0x04,0x00,0x04,0x01,0x33,0x08,0x0E,0x15,0x80,0x00,0x00,0x01,0x01,0x00,0x2D,0x00,0x01,0x0F,0x27,0x08,0x02,0x00,0x01,0x00,0x16,0x21,0x80,0x54,0x00,0xB4,0x10,0x00,0x45,0x00,0x00,0x00,0xEE,0xEE,0x00,0x2C,0x82,0x2C,0x82
TH58NVG7DDKTA00,0x98,0x3A,0xA4,0x93,0x7A,0x50,0x00,0x00,0x00,0x04,0x00,0x04,0x01,0x33,0x08,0x0E,0x15,0x80,0x00,0x00,0x01,0x01,0x00,0x2D,0x00,0x01,0x0F,0x2C,0x08,0x02,0x00,0x01,0x00,0x16,0x21,0x80,0x4E,0x00,0xB4,0x10,0x00,0x45,0x00,0x11,0x11,0x11,0x11,0x00,0x2C,0x82,0x2C,0x82
TH58NVG7D2JTA00-VerA,0x98,0x3A,0xA5,0x82,0x7A,0x57,0x0B,0x00,0x00,0x04,0x00,0x02,0x00,0x33,0x08,0x0E,0x16,0x80,0x01,0x01,0x01,0x01,0x00,0x15,0x00,0x01,0x0E,0x2C,0x08,0x02,0x00,0x01,0x00,0x19,0x43,0x80,0x4E,0x00,0xA8,0x20,0x80,0x22,0x00,0x11,0x11,0xEE,0xEE,0x00,0x2C,0x82,0x2C,0x82
29F64G08AAME1 -L74A-I,0x2C,0x88,0x24,0x4B,0xA9,0x00,0x00,0x00,0x04,0x04,0x00,0x02,0x00,0x33,0x08,0x0E,0x14,0x80,0x00,0x00,0x00,0x00,0x00,0x00,0x00,0x01,0x0E,0x1D,0x08,0x02,0x00,0x01,0x00,0x25,0x44,0x80,0x4E,0x00,0x00,0x10,0xC0,0x21,0x00,0x11,0x11,0xEE,0xEE,0x00,0x2C,0x82,0x2C,0x82
29F64G08AAMF1-L84A-I,0x2C,0x88,0x24,0x4B,0xA9,0x84,0x00,0x00,0x04,0x04,0x00,0x02,0x00,0x33,0x08,0x0E,0x14,0x80,0x00,0x00,0x00,0x00,0x00,0x00,0x00,0x01,0x0E,0x2C,0x08,0x02,0x00,0x01,0x00,0x20,0x44,0x80,0x4E,0x00,0x00,0x10,0xE8,0x22,0x00,0x11,0x11,0xEE,0xEE,0x00,0x2C,0x82,0x2C,0x82
TC58TEF7DDK,0x98,0x3A,0x95,0x93,0x7A,0x50,0x00,0x00,0x00,0x04,0x00,0x02,0x01,0x33,0x08,0x0E,0x15,0x80,0x01,0x01,0x01,0x01,0x00,0x2A,0x00,0x01,0x0F,0x2C,0x08,0x02,0x00,0x01,0x00,0x16,0x21,0x80,0x4E,0x00,0xA8,0x10,0x00,0x45,0x00,0x11,0x11,0x11,0x11,0x00,0x2C,0x82,0x2C,0x82
TH58NVG7DCJTA00-L,0x98,0x3A,0x85,0x93,0x76,0x57,0x0A,0x00,0x00,0x04,0x00,0x01,0x00,0x33,0x08,0x0E,0x15,0x80,0x01,0x01,0x01,0x01,0x00,0x16,0x00,0x01,0x0F,0x2C,0x08,0x02,0x00,0x01,0x00,0x19,0x21,0x80,0x4E,0x00,0x58,0x10,0x00,0x45,0x00,0x11,0x11,0xEE,0xEE,0x00,0x2C,0x82,0x2C,0x82
TC58TEG5D2HTA00,0x98,0xD7,0x94,0x32,0x76,0xD6,0x00,0x00,0x01,0x04,0x00,0x02,0x01,0x33,0x08,0x0E,0x14,0x80,0x00,0x00,0x01,0x01,0x00,0x05,0x80,0x00,0x0E,0x27,0x08,0x02,0x00,0x01,0x00,0x24,0x43,0x80,0x54,0x00,0x14,0x10,0x80,0x22,0x00,0x00,0x00,0xEE,0xEE,0x00,0x2C,0x82,0x2C,0x82
K9ACGD8U0B,0xEC,0xDE,0x98,0xDE,0x94,0xC5,0xEC,0x00,0x01,0x08,0x00,0x02,0x00,0x33,0x08,0x0E,0x15,0x80,0x00,0x00,0x01,0x01,0x00,0x29,0x00,0x01,0x0E,0x3C,0x08,0x04,0x00,0x01,0x00,0x19,0x00,0x56,0x54,0x01,0xA6,0x10,0x00,0x24,0x00,0x00,0x00,0xEE,0xEE,0x00,0x3C,0x84,0x44,0x82
K9GAG08U0E,0xEC,0xD5,0x84,0x72,0x50,0x42,0xEC,0x00,0x00,0x04,0x00,0x02,0x00,0x33,0x08,0x0E,0x13,0x80,0x00,0x00,0x01,0x01,0x00,0x0E,0x80,0x00,0x0E,0x19,0x08,0x02,0x00,0x01,0x00,0x32,0x43,0x00,0x4E,0x00,0x1C,0x08,0xB4,0x21,0x00,0x11,0x11,0xEE,0xEE,0x00,0x2C,0x82,0x2C,0x82
TC58TEG7DDL,0x98,0x3A,0x94,0x93,0x76,0x51,0x00,0x00,0x00,0x04,0x00,0x02,0x01,0x33,0x08,0x0E,0x15,0x80,0x00,0x00,0x01,0x01,0x00,0x1D,0x00,0x01,0x0F,0x2C,0x08,0x02,0x00,0x01,0x00,0x15,0x21,0x80,0x4E,0x00,0x74,0x10,0x00,0x45,0x00,0x11,0x11,0x11,0x11,0x00,0x2C,0x82,0x2C,0x82
TC58TEG7TCKTA00-1Y-T,0x98,0x3A,0xA8,0x92,0x76,0xD0,0x00,0x00,0x01,0x08,0x00,0x04,0x01,0x33,0x08,0x0E,0x16,0x80,0x00,0x00,0x01,0x01,0x00,0x17,0x02,0x01,0x0E,0x3C,0x08,0x04,0x00,0x01,0x00,0x16,0x00,0x56,0x54,0x01,0xB8,0x20,0xD0,0x23,0x00,0x00,0x00,0xEE,0xEE,0x00,0x3C,0x84,0x44,0x82
SDTNPACHEM-016G,0x45,0xDE,0xA1,0x32,0x7A,0x56,0x00,0x00,0x00,0x02,0x00,0x02,0x00,0x33,0x08,0x0E,0x15,0x80,0x01,0x01,0x00,0x01,0x00,0x0F,0x80,0x00,0x0E,0x0C,0x08,0x02,0x00,0x01,0x00,0x24,0x00,0x80,0x4E,0x00,0x78,0x20,0x00,0x24,0x00,0x11,0x11,0xEE,0xEE,0x00,0x2C,0x82,0x2C,0x82
SDTNPMCHEM-032G,0x45,0x3A,0xA5,0x82,0x7A,0x56,0x00,0x00,0x00,0x04,0x00,0x02,0x01,0x33,0x08,0x0E,0x16,0x80,0x01,0x01,0x01,0x01,0x00,0x11,0x00,0x01,0x0E,0x2C,0x08,0x02,0x00,0x01,0x00,0x24,0x43,0x80,0x4E,0x00,0x88,0x20,0x80,0x22,0x00,0x11,0x11,0xEE,0xEE,0x00,0x2C,0x82,0x2C,0x82
TC58TEG7THL,0x98,0x3A,0x98,0xA3,0x76,0x51,0x00,0x00,0x02,0x08,0x00,0x02,0x01,0x33,0x08,0x0E,0x14,0x80,0x00,0x00,0x01,0x01,0x01,0xA6,0x80,0x01,0x0F,0x3C,0x08,0x04,0x00,0x01,0x00,0x15,0x00,0x80,0x4E,0x01,0x4C,0x0B,0xA0,0x47,0x00,0x11,0x11,0x11,0x11,0x00,0x3C,0x84,0x44,0x82
TH58TEG8TDKTA00-1Y-ED3-T,0x98,0x3C,0xA9,0x92,0x7A,0xD0,0x00,0x00,0x01,0x08,0x00,0x04,0x00,0x33,0x08,0x0E,0x17,0x80,0x01,0x01,0x01,0x01,0x00,0x16,0x02,0x01,0x0E,0x3C,0x08,0x04,0x00,0x01,0x00,0x16,0x00,0x56,0x54,0x01,0x70,0x41,0xD0,0x23,0x00,0x11,0x11,0xEE,0xEE,0x00,0x3C,0x84,0x44,0x82
TH58TEG8DDKTA00,0x98,0x3C,0xA5,0x93,0x7E,0xD0,0x00,0x00,0x01,0x04,0x00,0x04,0x01,0x33,0x08,0x0E,0x16,0x80,0x01,0x01,0x01,0x01,0x00,0x2D,0x00,0x01,0x0F,0x27,0x08,0x02,0x00,0x01,0x00,0x16,0x21,0x80,0x54,0x00,0x68,0x21,0x00,0x45,0x00,0x00,0x00,0xEE,0xEE,0x00,0x2C,0x82,0x2C,0x82
TH58NVG6E2F-L,0x98,0xDE,0xD5,0x32,0x7A,0x55,0x0D,0x00,0x00,0x04,0x00,0x02,0x01,0x33,0x08,0x0E,0x15,0x80,0x01,0x01,0x01,0x01,0x00,0x0D,0x80,0x00,0x0E,0x1D,0x08,0x04,0x00,0x01,0x00,0x32,0x21,0x80,0x4E,0x00,0x68,0x20,0xC0,0x21,0x00,0x11,0x11,0xEE,0xEE,0x00,0x2C,0x82,0x2C,0x82
SDTNRHAMA-016G,0x45,0x3A,0xA4,0x93,0x7A,0x50,0x00,0x00,0x00,0x04,0x00,0x04,0x01,0x33,0x08,0x0E,0x15,0x80,0x00,0x00,0x01,0x01,0x00,0x2D,0x00,0x01,0x0F,0x2C,0x08,0x02,0x00,0x01,0x00,0x16,0x21,0x80,0x4E,0x00,0xB4,0x10,0x00,0x45,0x00,0x11,0x11,0xEE,0xEE,0x00,0x2C,0x82,0x2C,0x82
H27QFG8YEE6R,0xAD,0x3A,0x15,0xA7,0x44,0x4A,0x00,0x00,0x00,0x04,0x00,0x02,0x00,0x33,0x08,0x0E,0x15,0x80,0x00,0x00,0x01,0x01,0x00,0x24,0x00,0x01,0x0F,0x2C,0x08,0x02,0x00,0x01,0x00,0x16,0x21,0x80,0x4E,0x00,0x90,0x10,0x80,0x46,0x00,0x11,0x11,0xEE,0xEE,0x00,0x2C,0x82,0x2C,0x82
H27QDG8D2B8R,0xAD,0x3A,0x14,0xAB,0x42,0x4A,0x00,0x00,0x00,0x04,0x00,0x02,0x00,0x33,0x08,0x0E,0x15,0x80,0x00,0x00,0x01,0x01,0x00,0x16,0x00,0x01,0x0F,0x2C,0x08,0x02,0x00,0x01,0x00,0x16,0x21,0x80,0x4E,0x00,0x58,0x10,0x80,0x46,0x00,0x11,0x11,0xEE,0xEE,0x00,0x2C,0x82,0x2C,0x82
TH58NVG9DDKTA00,0x98,0x3E,0xA6,0x93,0x7E,0x50,0x00,0x00,0x00,0x04,0x00,0x04,0x01,0x33,0x08,0x0E,0x17,0x80,0x02,0x01,0x01,0x01,0x00,0x2D,0x00,0x01,0x0F,0x2C,0x08,0x02,0x00,0x01,0x00,0x16,0x21,0x80,0x4E,0x00,0xD0,0x42,0x00,0x45,0x00,0x11,0x11,0xEE,0xEE,0x00,0x2C,0x82,0x2C,0x82
TH58TEG7D2JTA00-VerA,0x98,0x3A,0xA5,0x82,0x7A,0xD7,0x0B,0x00,0x01,0x04,0x00,0x02,0x00,0x33,0x08,0x0E,0x16,0x80,0x01,0x01,0x01,0x01,0x00,0x15,0x00,0x01,0x0E,0x27,0x08,0x02,0x00,0x01,0x00,0x19,0x43,0x80,0x54,0x00,0xA8,0x20,0x80,0x22,0x00,0x00,0x00,0xEE,0xEE,0x00,0x2C,0x82,0x2C,0x82
SDTNRCAMA¡V08G,0x45,0xDE,0x98,0x92,0x72,0x50,0x00,0x00,0x02,0x08,0x00,0x02,0x01,0x33,0x08,0x0E,0x15,0x80,0x00,0x00,0x01,0x01,0x00,0x16,0x02,0x01,0x0E,0x3C,0x08,0x04,0x00,0x01,0x00,0x16,0x00,0x56,0x4E,0x01,0x58,0x10,0xD0,0x23,0x00,0x11,0x11,0xEE,0xEE,0x00,0x3C,0x84,0x44,0x82
SDTNRGAMA-008GA,0x45,0xDE,0x94,0x93,0x76,0x50,0x00,0x00,0x00,0x04,0x00,0x02,0x01,0x33,0x08,0x0E,0x14,0x80,0x00,0x00,0x01,0x01,0x00,0x2A,0x00,0x01,0x0F,0x2C,0x08,0x02,0x00,0x01,0x00,0x16,0x21,0x80,0x4E,0x00,0x54,0x08,0x00,0x45,0x00,0x11,0x11,0xEE,0xEE,0x00,0x2C,0x82,0x2C,0x82
MT29F64G08CBABA,0x2C,0x88,0x05,0xC6,0x89,0x00,0x00,0x00,0x04,0x04,0x00,0x02,0x00,0x33,0x08,0x0D,0x15,0x80,0x01,0x01,0x00,0x00,0x00,0x00,0x00,0x01,0x0D,0x19,0x08,0x02,0x00,0x01,0x00,0x34,0x43,0x00,0x4E,0x00,0x00,0x20,0xE0,0x10,0x00,0x11,0x11,0xEE,0xEE,0x00,0x2C,0x82,0x2C,0x82
H27UCG8T2E-2ND,0xAD,0xDE,0x94,0xA7,0x42,0x48,0x00,0x00,0x00,0x04,0x00,0x02,0x00,0x33,0x08,0x0E,0x14,0x80,0x00,0x00,0x01,0x01,0x00,0x24,0x00,0x01,0x0F,0x2C,0x08,0x02,0x00,0x01,0x00,0x16,0x21,0x80,0x4E,0x00,0x48,0x08,0x80,0x46,0x00,0x11,0x11,0xEE,0xEE,0x00,0x2C,0x82,0x2C,0x82
H27UCG8T2ATR,0xAD,0xD7,0x94,0x9A,0x74,0x42,0xAD,0x00,0x00,0x04,0x00,0x02,0x00,0x33,0x08,0x0E,0x13,0x80,0x00,0x00,0x00,0x00,0x00,0x00,0x00,0x01,0x0E,0x1D,0x08,0x02,0x00,0x01,0x00,0x20,0x43,0x80,0x4E,0x00,0x00,0x08,0xC0,0x21,0x00,0x11,0x11,0xEE,0xEE,0x00,0x2C,0x82,0x2C,0x82
P1UAGA30AT,0xC8,0xD5,0x14,0x29,0x34,0x01,0x00,0x00,0x00,0x04,0x00,0x02,0x00,0x33,0x08,0x0D,0x13,0x80,0x00,0x00,0x00,0x00,0x00,0x00,0x80,0x00,0x0D,0x1D,0x08,0x02,0x00,0x01,0x00,0x32,0x43,0x80,0x4E,0x00,0x00,0x10,0xDA,0x10,0x00,0x11,0x11,0xEE,0xEE,0x00,0x2C,0x82,0x2C,0x82
29F64G08AAME1 -ML74,0x2C,0x88,0x04,0x4B,0xA9,0x00,0x00,0x00,0x04,0x04,0x00,0x02,0x00,0x33,0x08,0x0E,0x14,0x80,0x00,0x00,0x00,0x00,0x00,0x00,0x00,0x01,0x0E,0x1D,0x08,0x02,0x00,0x01,0x00,0x25,0x44,0x80,0x4E,0x00,0x00,0x10,0xC0,0x21,0x00,0x11,0x11,0xEE,0xEE,0x00,0x2C,0x82,0x2C,0x82
29F128G08CBEBB-L85,0x2C,0x84,0x64,0x3C,0xA9,0x00,0x00,0x00,0x04,0x04,0x00,0x02,0x00,0x33,0x08,0x0E,0x15,0x80,0x00,0x00,0x00,0x01,0x00,0x18,0x00,0x02,0x0F,0x27,0x08,0x02,0x00,0x01,0x00,0x20,0x44,0x00,0x4E,0x00,0x30,0x08,0xC0,0x44,0x00,0x11,0x11,0xEE,0xEE,0x00,0x2C,0x82,0x2C,0x82
29F128G08CBEBB-L85-1,0xB5,0x84,0x64,0x3C,0xA9,0x04,0x00,0x00,0x04,0x04,0x00,0x02,0x00,0x33,0x08,0x0E,0x15,0x80,0x00,0x00,0x00,0x01,0x00,0x18,0x00,0x02,0x0F,0x27,0x08,0x02,0x00,0x01,0x00,0x20,0x44,0x00,0x4E,0x00,0x30,0x08,0xC0,0x44,0x00,0x11,0x11,0xEE,0xEE,0x00,0x2C,0x82,0x2C,0x82
TH58NVG8T2JTA00,0x98,0x3C,0xA9,0x92,0x7A,0x57,0x0A,0x00,0x02,0x08,0x00,0x04,0x01,0x33,0x08,0x0E,0x17,0x80,0x01,0x01,0x01,0x01,0x00,0x13,0x02,0x01,0x0E,0x3C,0x08,0x04,0x00,0x01,0x00,0x19,0x00,0x56,0x4E,0x01,0x30,0x41,0x00,0x24,0x00,0x11,0x11,0xEE,0xEE,0x00,0x3C,0x84,0x44,0x82
MT29F64G08CBEFB,0x2C,0x64,0x64,0x56,0xA5,0x00,0x00,0x00,0x04,0x04,0x00,0x02,0x00,0x33,0x08,0x0E,0x14,0x80,0x00,0x00,0x00,0x01,0x01,0x78,0x00,0x02,0x0B,0x3C,0x08,0x02,0x00,0x01,0x00,0x1A,0x45,0x00,0x4E,0x00,0x78,0x05,0xA0,0x35,0x00,0x11,0x11,0xEE,0xEE,0x00,0x2C,0x82,0x2C,0x82
K9ACGD8U0D,0xEC,0xDE,0x88,0xBF,0x90,0xC6,0xEC,0x00,0x01,0x08,0x00,0x01,0x00,0x33,0x08,0x0E,0x14,0x80,0x00,0x00,0x01,0x01,0x00,0x53,0x00,0x01,0x0F,0x3C,0x08,0x04,0x00,0x01,0x00,0x16,0x00,0x56,0x54,0x01,0x35,0x08,0x00,0x48,0x00,0x00,0x00,0xEE,0xEE,0x00,0x3C,0x84,0x44,0x82
H27UCG8T2FTR,0xAD,0xDE,0x14,0xAB,0x42,0x4A,0x00,0x00,0x00,0x04,0x00,0x02,0x00,0x33,0x08,0x0E,0x14,0x80,0x00,0x00,0x01,0x01,0x00,0x20,0x00,0x01,0x0F,0x2C,0x08,0x02,0x00,0x01,0x00,0x16,0x21,0x80,0x4E,0x00,0x40,0x08,0x80,0x46,0x00,0x11,0x11,0xEE,0xEE,0x00,0x2C,0x82,0x2C,0x82
Hynix-TLC,0xAD,0x3A,0x18,0xA3,0x61,0x25,0x00,0x00,0x02,0x08,0x00,0x02,0x00,0x33,0x08,0x0E,0x15,0x80,0x00,0x00,0x01,0x01,0x00,0x1E,0x02,0x01,0x0F,0x3C,0x08,0x04,0x00,0x01,0x00,0x16,0x00,0x56,0x4E,0x01,0x78,0x10,0x00,0x48,0x00,0x11,0x11,0xEE,0xEE,0x00,0x3C,0x84,0x44,0x82
TH58NVG3S0ETA00,0x98,0xD3,0x90,0x26,0x76,0x14,0x00,0x00,0x00,0x02,0x00,0x01,0x00,0x33,0x08,0x0D,0x12,0x40,0x00,0x00,0x00,0x00,0x00,0x00,0x40,0x00,0x0D,0x0C,0x08,0x02,0x00,0x01,0x00,0x43,0x00,0x40,0x4E,0x00,0x00,0x10,0xE0,0x10,0x00,0x11,0x11,0xEE,0xEE,0x00,0x2C,0x82,0x2C,0x82
SDTNRIAMA-016G,0x45,0x4C,0xA8,0x92,0x76,0x50,0x00,0x00,0x02,0x08,0x00,0x04,0x01,0x33,0x08,0x0E,0x16,0x80,0x00,0x00,0x01,0x01,0x00,0x17,0x02,0x01,0x0E,0x3C,0x08,0x04,0x00,0x01,0x00,0x16,0x00,0x56,0x4E,0x01,0xB8,0x20,0xD0,0x23,0x00,0x11,0x11,0xEE,0xEE,0x00,0x3C,0x84,0x44,0x82
TH58NVG3S0FTA00,0x98,0xD3,0x90,0x26,0x76,0x15,0x00,0x00,0x00,0x02,0x00,0x01,0x00,0x33,0x08,0x0D,0x12,0x40,0x00,0x00,0x00,0x00,0x00,0x00,0x40,0x00,0x0D,0x0C,0x08,0x02,0x00,0x01,0x00,0x32,0x00,0x40,0x4E,0x00,0x00,0x10,0xE8,0x10,0x00,0x11,0x11,0xEE,0xEE,0x00,0x2C,0x82,0x2C,0x82
29F128G08CBCAB-L85A,0x89,0x84,0x64,0x3C,0xA5,0x0C,0x00,0x00,0x04,0x04,0x00,0x02,0x00,0x33,0x08,0x0E,0x14,0x80,0x00,0x00,0x00,0x00,0x00,0x00,0x00,0x02,0x0F,0x27,0x08,0x02,0x00,0x01,0x00,0x20,0x45,0x00,0x4E,0x00,0x00,0x08,0xC0,0x44,0x00,0x11,0x11,0xEE,0xEE,0x00,0x2C,0x82,0x2C,0x82
TH58NVG5D2E,0x98,0xD7,0x94,0x32,0x76,0x54,0x0D,0x00,0x00,0x04,0x00,0x02,0x01,0x33,0x08,0x0E,0x14,0x80,0x00,0x00,0x01,0x01,0x00,0x0D,0x80,0x00,0x0E,0x19,0x08,0x02,0x00,0x01,0x00,0x43,0x21,0x80,0x4E,0x00,0x34,0x10,0x78,0x21,0x00,0x11,0x11,0xEE,0xEE,0x00,0x2C,0x82,0x2C,0x82
29F08B08MCMFH-L84D,0x2C,0x64,0x64,0x3C,0xA5,0x08,0x00,0x00,0x04,0x04,0x00,0x02,0x00,0x33,0x08,0x0E,0x13,0x80,0x00,0x00,0x01,0x01,0x00,0x18,0x00,0x02,0x0F,0x27,0x08,0x02,0x00,0x01,0x00,0x20,0x44,0x00,0x4E,0x00,0x18,0x04,0xC0,0x44,0x00,0x11,0x11,0xEE,0xEE,0x00,0x2C,0x82,0x2C,0x82
TC58TEG6DDL,0x98,0xDE,0x94,0x93,0x76,0x51,0x00,0x00,0x00,0x04,0x00,0x02,0x01,0x33,0x08,0x0E,0x14,0x80,0x00,0x00,0x01,0x01,0x00,0x32,0x00,0x01,0x0F,0x2C,0x08,0x02,0x00,0x01,0x00,0x15,0x21,0x80,0x4E,0x00,0x64,0x08,0x00,0x45,0x00,0x11,0x11,0x23,0x23,0x00,0x2C,0x82,0x2C,0x82
29F128G08CFABA-L84,0x2C,0x84,0xC5,0x4B,0xA9,0x00,0x00,0x00,0x04,0x04,0x00,0x02,0x00,0x33,0x08,0x0E,0x15,0x80,0x01,0x01,0x00,0x00,0x00,0x00,0x00,0x01,0x0E,0x2C,0x08,0x02,0x00,0x01,0x00,0x20,0x44,0x80,0x4E,0x00,0x00,0x20,0xE8,0x22,0x00,0x11,0x11,0xEE,0xEE,0x00,0x2C,0x82,0x2C,0x82
29F08B08MCMFH-L84C,0x2C,0x64,0x64,0x3C,0xA5,0x04,0x00,0x00,0x04,0x04,0x00,0x02,0x00,0x33,0x08,0x0E,0x13,0x80,0x00,0x00,0x00,0x00,0x00,0x00,0x00,0x02,0x0F,0x27,0x08,0x02,0x00,0x01,0x00,0x20,0x44,0x00,0x4E,0x00,0x00,0x04,0xC0,0x44,0x00,0x11,0x11,0xEE,0xEE,0x00,0x2C,0x82,0x2C,0x82
29F128G08CBEBB-L85C,0x2C,0x84,0x64,0x3C,0xA9,0x04,0x00,0x00,0x04,0x04,0x00,0x02,0x00,0x33,0x08,0x0E,0x15,0x80,0x00,0x00,0x00,0x01,0x00,0x18,0x00,0x02,0x0F,0x27,0x08,0x02,0x00,0x01,0x00,0x20,0x44,0x00,0x4E,0x00,0x30,0x08,0xC0,0x44,0x00,0x11,0x11,0xEE,0xEE,0x00,0x2C,0x82,0x2C,0x82
K9LCG08U1A,0xEC,0xD7,0x94,0x7A,0x54,0x43,0xEC,0x00,0x00,0x04,0x00,0x02,0x00,0x33,0x08,0x0E,0x14,0x80,0x00,0x00,0x01,0x01,0x00,0x0E,0x80,0x00,0x0E,0x2C,0x08,0x02,0x00,0x01,0x00,0x26,0x43,0x00,0x4E,0x00,0x38,0x10,0x80,0x22,0x00,0x11,0x11,0xEE,0xEE,0x00,0x2C,0x82,0x2C,0x82
TC58NVG5H2HTA00,0x98,0xD7,0xA0,0x32,0x76,0x56,0x08,0x00,0x00,0x02,0x00,0x02,0x00,0x33,0x08,0x0E,0x14,0x80,0x00,0x00,0x00,0x01,0x00,0x0F,0x80,0x00,0x0E,0x0C,0x08,0x02,0x00,0x01,0x00,0x24,0x00,0x80,0x4E,0x00,0x3C,0x10,0x00,0x24,0x00,0x11,0x11,0xEE,0xEE,0x00,0x2C,0x82,0x2C,0x82
SDTNRIAMA-008G,0x45,0xDE,0xA8,0x92,0x76,0x50,0x00,0x00,0x02,0x08,0x00,0x04,0x01,0x33,0x08,0x0E,0x15,0x80,0x00,0x00,0x01,0x01,0x00,0x3A,0x02,0x01,0x0E,0x3C,0x08,0x04,0x00,0x01,0x00,0x16,0x00,0x56,0x4E,0x01,0xE8,0x10,0xD0,0x23,0x00,0x11,0x11,0xEE,0xEE,0x00,0x3C,0x84,0x44,0x82
TC58TEG8DDL,0x98,0x3C,0x95,0x93,0x7A,0x51,0x08,0x00,0x00,0x04,0x00,0x02,0x01,0x33,0x08,0x0E,0x16,0x80,0x01,0x01,0x01,0x01,0x00,0x1D,0x00,0x01,0x0F,0x2C,0x08,0x02,0x00,0x01,0x00,0x15,0x21,0x80,0x4E,0x00,0xE8,0x20,0x00,0x45,0x00,0x11,0x11,0xEE,0xEE,0x00,0x2C,0x82,0x2C,0x82
TH58TEG9TDKTA00-1Y-ED3,0x98,0x3E,0xAA,0x92,0x7E,0x50,0x08,0x00,0x02,0x08,0x00,0x04,0x00,0x33,0x08,0x0E,0x18,0x80,0x02,0x01,0x01,0x01,0x00,0x17,0x02,0x01,0x0E,0x3C,0x08,0x04,0x00,0x01,0x00,0x16,0x00,0x56,0x4E,0x01,0x70,0x41,0xD0,0x23,0x00,0x11,0x11,0xEE,0xEE,0x00,0x3C,0x84,0x44,0x82
SDTNSIAMA-016G,0x45,0x4C,0x98,0xA3,0x76,0x51,0x00,0x00,0x02,0x08,0x00,0x02,0x01,0x33,0x08,0x0E,0x14,0x80,0x00,0x00,0x01,0x01,0x01,0xA6,0x80,0x01,0x0F,0x3C,0x08,0x04,0x00,0x01,0x00,0x15,0x00,0x80,0x4E,0x01,0x4C,0x0B,0xA0,0x47,0x00,0x11,0x11,0xEE,0xEE,0x00,0x3C,0x84,0x44,0x82
29F32G08CBADA-L83,0x2C,0x44,0x44,0x4B,0xA9,0x00,0x00,0x00,0x04,0x04,0x00,0x02,0x00,0x33,0x08,0x0E,0x14,0x80,0x00,0x00,0x00,0x01,0x00,0x28,0x00,0x01,0x0E,0x2C,0x08,0x02,0x00,0x01,0x00,0x20,0x44,0x80,0x4E,0x00,0x50,0x08,0xE8,0x22,0x00,0x11,0x11,0xEE,0xEE,0x00,0x2C,0x82,0x2C,0x82
SDTNRCAMA¡V08G-TGL,0x45,0xDE,0x98,0x92,0x72,0xD0,0x08,0x00,0x01,0x08,0x00,0x02,0x01,0x33,0x08,0x0E,0x15,0x80,0x00,0x00,0x01,0x01,0x00,0x16,0x02,0x01,0x0E,0x3C,0x08,0x04,0x00,0x01,0x00,0x16,0x00,0x56,0x54,0x01,0x58,0x10,0xD0,0x23,0x00,0x11,0x11,0xEE,0xEE,0x00,0x3C,0x84,0x44,0x82
TC58TEG8TDL-Toggle,0x98,0x3C,0x99,0xA3,0x7A,0xD1,0x00,0x00,0x01,0x08,0x00,0x02,0x01,0x33,0x08,0x0E,0x15,0x80,0x01,0x01,0x01,0x01,0x01,0xA6,0x80,0x01,0x0F,0x3C,0x08,0x04,0x00,0x01,0x00,0x15,0x00,0x80,0x54,0x01,0x98,0x16,0xA0,0x47,0x00,0x11,0x11,0xEE,0xEE,0x00,0x3C,0x84,0x44,0x82
29F128G08EBEBB-B95A,0x2C,0x84,0x48,0x73,0xA9,0x00,0x00,0x00,0x02,0x08,0x00,0x02,0x01,0x33,0x08,0x0E,0x14,0x80,0x00,0x00,0x01,0x01,0x01,0x65,0x00,0x03,0x0E,0x3C,0x08,0x04,0x00,0x01,0x00,0x16,0x00,0x80,0x4E,0x01,0xCA,0x0A,0x50,0x24,0x00,0x11,0x11,0xEE,0xEE,0x00,0x3C,0x84,0x44,0x82
TC58TEF5DDK,0x98,0xD7,0x84,0x93,0x72,0xD0,0x00,0x00,0x01,0x04,0x00,0x01,0x01,0x33,0x08,0x0E,0x13,0x80,0x00,0x00,0x01,0x01,0x00,0x24,0x00,0x01,0x0F,0x27,0x08,0x02,0x00,0x01,0x00,0x16,0x21,0x80,0x54,0x00,0x24,0x04,0x00,0x45,0x00,0x11,0x11,0xEE,0xEE,0x00,0x2C,0x82,0x2C,0x82
TC58TEG8TDL-Legacy,0x98,0x3C,0x99,0xA3,0x7A,0x51,0x00,0x00,0x02,0x08,0x00,0x02,0x01,0x33,0x08,0x0E,0x15,0x80,0x01,0x01,0x01,0x01,0x01,0xA6,0x80,0x01,0x0F,0x3C,0x08,0x04,0x00,0x01,0x00,0x15,0x00,0x80,0x4E,0x01,0x98,0x16,0xA0,0x47,0x00,0x11,0x11,0x11,0x11,0x00,0x3C,0x84,0x44,0x82
SDTNRIAMA-008G-TGL,0x45,0xDE,0xA8,0x92,0x76,0xD0,0x00,0x00,0x01,0x08,0x00,0x04,0x01,0x33,0x08,0x0E,0x15,0x80,0x00,0x00,0x01,0x01,0x00,0x3A,0x02,0x01,0x0E,0x3C,0x08,0x04,0x00,0x01,0x00,0x16,0x00,0x56,0x54,0x01,0xE8,0x10,0xD0,0x23,0x00,0x11,0x11,0xEE,0xEE,0x00,0x3C,0x84,0x44,0x82
TC58TEG6TGLTA00,0x98,0xDE,0x88,0xA3,0x72,0x51,0x00,0x00,0x02,0x08,0x00,0x01,0x01,0x33,0x08,0x0E,0x13,0x80,0x00,0x00,0x01,0x01,0x01,0x94,0x80,0x01,0x0F,0x3C,0x08,0x04,0x00,0x01,0x00,0x15,0x00,0x80,0x4E,0x01,0x94,0x05,0xA0,0x47,0x00,0x11,0x11,0xEE,0xEE,0x00,0x3C,0x84,0x44,0x82
SDTNQFAMA-008G-TGL,0x45,0xDE,0xA4,0x92,0x76,0xD7,0x00,0x00,0x01,0x04,0x00,0x02,0x00,0x33,0x08,0x0E,0x15,0x80,0x00,0x00,0x01,0x01,0x00,0x16,0x00,0x02,0x0E,0x27,0x08,0x02,0x00,0x01,0x00,0x19,0x43,0x80,0x54,0x00,0x2C,0x08,0x80,0x22,0x00,0x11,0x11,0xEE,0xEE,0x00,0x2C,0x82,0x2C,0x82
TC58NVG5D2HTA00-CM,0x98,0xD7,0xA4,0x82,0x76,0x56,0x00,0x00,0x00,0x04,0x00,0x02,0x01,0x33,0x08,0x0E,0x14,0x80,0x00,0x00,0x01,0x01,0x00,0x0F,0x00,0x01,0x0E,0x2C,0x08,0x02,0x00,0x01,0x00,0x24,0x43,0x80,0x4E,0x00,0x1E,0x08,0x80,0x22,0x00,0x11,0x11,0xEE,0xEE,0x00,0x2C,0x82,0x2C,0x82
SDTNPMCHEM-032G,0x45,0x3A,0xA5,0x82,0x7A,0xD6,0x00,0x00,0x01,0x04,0x00,0x02,0x01,0x33,0x08,0x0E,0x16,0x80,0x01,0x01,0x01,0x01,0x00,0x11,0x00,0x01,0x0E,0x27,0x08,0x02,0x00,0x01,0x00,0x24,0x43,0x80,0x54,0x00,0x88,0x20,0x80,0x22,0x00,0x11,0x11,0xEE,0xEE,0x00,0x2C,0x82,0x2C,0x82
SDTNPMBHEM-16GB,0x45,0x4C,0xA5,0x82,0x7A,0xD6,0x0C,0x00,0x01,0x04,0x00,0x02,0x01,0x33,0x08,0x0E,0x16,0x80,0x01,0x01,0x01,0x01,0x00,0x11,0x00,0x01,0x0E,0x27,0x08,0x02,0x00,0x01,0x00,0x24,0x43,0x80,0x54,0x00,0x88,0x20,0x80,0x22,0x00,0x11,0x11,0xEE,0xEE,0x00,0x2C,0x82,0x2C,0x82
TH58TEG8DDKTA00-L,0x98,0x3C,0xA5,0x93,0x7E,0x50,0x08,0x00,0x00,0x04,0x00,0x04,0x01,0x33,0x08,0x0E,0x16,0x80,0x01,0x01,0x01,0x01,0x00,0x2D,0x00,0x01,0x0F,0x2C,0x08,0x02,0x00,0x01,0x00,0x16,0x21,0x80,0x4E,0x00,0x68,0x21,0x00,0x45,0x00,0x11,0x11,0x11,0x11,0x00,0x2C,0x82,0x2C,0x82
TH58NVG5E2F-L,0x98,0xD7,0xD4,0x32,0x76,0x55,0x0A,0x00,0x00,0x04,0x00,0x02,0x01,0x33,0x08,0x0E,0x14,0x80,0x00,0x00,0x01,0x01,0x00,0x0D,0x80,0x00,0x0E,0x1D,0x08,0x04,0x00,0x01,0x00,0x32,0x21,0x80,0x4E,0x00,0x34,0x10,0xC0,0x21,0x00,0x11,0x11,0xEE,0xEE,0x00,0x2C,0x82,0x2C,0x82
TC58TEG7DFL,0x98,0x3A,0xA4,0x93,0x7A,0x51,0x00,0x00,0x00,0x04,0x00,0x04,0x01,0x33,0x08,0x0E,0x15,0x80,0x00,0x00,0x01,0x01,0x00,0x27,0x00,0x01,0x0F,0x2C,0x08,0x02,0x00,0x01,0x00,0x15,0x21,0x80,0x4E,0x00,0x9C,0x10,0x60,0x45,0x00,0x11,0x11,0xEE,0xEE,0x00,0x2C,0x82,0x2C,0x82
TC58XXXXX-Kelvin-Test,0x98,0x3A,0x94,0xA3,0x76,0x71,0x00,0x00,0x00,0x04,0x00,0x02,0x01,0x33,0x08,0x0E,0x15,0x80,0x00,0x00,0x01,0x01,0x01,0xAA,0x80,0x01,0x0F,0x2C,0x08,0x02,0x00,0x01,0x00,0x14,0x21,0x80,0x4E,0x00,0x54,0x0B,0x00,0x45,0x00,0x11,0x11,0xEE,0xEE,0x01,0x2C,0x82,0x2C,0x82
TC58TEG7DFL-TGL,0x98,0x3A,0xA4,0x93,0x7A,0xD1,0x00,0x00,0x01,0x04,0x00,0x04,0x01,0x33,0x08,0x0E,0x15,0x80,0x00,0x00,0x01,0x01,0x00,0x27,0x00,0x01,0x0F,0x27,0x08,0x02,0x00,0x01,0x00,0x15,0x21,0x80,0x54,0x00,0x9C,0x10,0x60,0x45,0x00,0x11,0x11,0xEE,0xEE,0x00,0x2C,0x82,0x2C,0x82
TH58NVG5S2FTA,0x98,0xD7,0xD1,0x22,0x7A,0x55,0x0A,0x00,0x00,0x02,0x00,0x02,0x01,0x33,0x08,0x0E,0x14,0x40,0x01,0x01,0x01,0x01,0x00,0x0D,0x40,0x00,0x0E,0x27,0x08,0x02,0x00,0x01,0x00,0x32,0x00,0x40,0x4E,0x00,0x68,0x20,0x40,0x22,0x00,0x11,0x11,0xEE,0xEE,0x00,0x2C,0x82,0x2C,0x82
SDTNSGAMA-16G,0x45,0x3A,0x94,0x93,0x76,0x51,0x00,0x00,0x00,0x04,0x00,0x02,0x01,0x33,0x08,0x0E,0x15,0x80,0x00,0x00,0x01,0x01,0x00,0x1D,0x00,0x01,0x0F,0x2C,0x08,0x02,0x00,0x01,0x00,0x15,0x21,0x80,0x4E,0x00,0x74,0x10,0x00,0x45,0x00,0x11,0x11,0xEE,0xEE,0x00,0x2C,0x82,0x2C,0x82
JS29F16B08CAME1,0x89,0xA8,0x25,0xCB,0xA9,0x00,0x00,0x00,0x04,0x04,0x00,0x02,0x00,0x33,0x08,0x0E,0x15,0x80,0x01,0x01,0x00,0x00,0x00,0x00,0x00,0x01,0x0E,0x1D,0x08,0x02,0x00,0x01,0x00,0x25,0x44,0x80,0x4E,0x00,0x00,0x20,0xC0,0x21,0x00,0x11,0x11,0xEE,0xEE,0x00,0x2C,0x82,0x2C,0x82
JS29F128G08CBCBB-L85C,0x89,0x84,0x64,0x3C,0xA9,0x0C,0x00,0x00,0x04,0x04,0x00,0x02,0x00,0x33,0x08,0x0E,0x15,0x80,0x00,0x00,0x00,0x00,0x00,0x00,0x00,0x02,0x0F,0x27,0x08,0x02,0x00,0x01,0x00,0x20,0x45,0x00,0x4E,0x00,0x30,0x08,0xC0,0x44,0x00,0x11,0x11,0xEE,0xEE,0x00,0x2C,0x82,0x2C,0x82
SDTNQGCMB-032G,0x45,0x3C,0x96,0x93,0x7E,0x57,0x0A,0x00,0x00,0x04,0x00,0x02,0x01,0x33,0x08,0x0E,0x16,0x80,0x02,0x01,0x01,0x01,0x00,0x22,0x00,0x01,0x0F,0x2C,0x08,0x02,0x00,0x01,0x00,0x19,0x21,0x80,0x4E,0x00,0x10,0x21,0x00,0x45,0x00,0x11,0x11,0x11,0x11,0x00,0x2C,0x82,0x2C,0x82
H27UCG8M2MTR?BC,0xAD,0xDE,0x18,0x03,0x00,0x40,0x00,0x00,0x02,0x08,0x00,0x02,0x00,0x33,0x08,0x0E,0x13,0x80,0x00,0x00,0x01,0x01,0x01,0x90,0x80,0x01,0x0F,0x3C,0x08,0x04,0x00,0x01,0x00,0x16,0x00,0x80,0x4E,0x01,0x90,0x05,0x00,0x48,0x00,0x11,0x11,0xEE,0xEE,0x00,0x3C,0x84,0x44,0x82
TH58NVG7E2F,0x98,0x3A,0xD6,0x32,0x7E,0x55,0x0A,0x00,0x00,0x04,0x00,0x02,0x01,0x33,0x08,0x0E,0x16,0x80,0x02,0x00,0x01,0x01,0x00,0x0D,0x80,0x00,0x0E,0x1D,0x08,0x04,0x00,0x01,0x00,0x32,0x21,0x80,0x4E,0x00,0xD0,0x40,0xC0,0x21,0x00,0x11,0x11,0xEE,0xEE,0x00,0x2C,0x82,0x2C,0x82
TC58TEG7TCKTA00-1Y,0x98,0x3A,0x99,0x92,0x76,0x50,0x00,0x00,0x02,0x08,0x00,0x02,0x01,0x33,0x08,0x0E,0x16,0x80,0x01,0x01,0x01,0x01,0x00,0x16,0x02,0x01,0x0E,0x3C,0x08,0x04,0x00,0x01,0x00,0x16,0x00,0x56,0x4E,0x01,0xB0,0x20,0xD0,0x23,0x00,0x11,0x11,0xEE,0xEE,0x00,0x3C,0x84,0x44,0x82
TC58TEG7DDL-TGL,0x98,0x3A,0x94,0x93,0x76,0xD1,0x00,0x00,0x01,0x04,0x00,0x02,0x01,0x33,0x08,0x0E,0x15,0x80,0x00,0x00,0x01,0x01,0x00,0x1D,0x00,0x01,0x0F,0x27,0x08,0x02,0x00,0x01,0x00,0x15,0x21,0x80,0x54,0x00,0x74,0x10,0x00,0x45,0x00,0x11,0x11,0xEE,0xEE,0x00,0x2C,0x82,0x2C,0x82
TC58TEG8DDL-TGL,0x98,0x3C,0x95,0x93,0x7A,0xD1,0x08,0x00,0x01,0x04,0x00,0x02,0x01,0x33,0x08,0x0E,0x16,0x80,0x01,0x01,0x01,0x01,0x00,0x1D,0x00,0x01,0x0F,0x27,0x08,0x02,0x00,0x01,0x00,0x15,0x21,0x80,0x54,0x00,0xE8,0x20,0x00,0x45,0x00,0x11,0x11,0xEE,0xEE,0x00,0x2C,0x82,0x2C,0x82
MT29F16G08ABACA,0x2C,0x48,0x00,0x26,0xA9,0x00,0x00,0x00,0x00,0x02,0x00,0x02,0x00,0x33,0x08,0x0D,0x14,0x80,0x00,0x00,0x00,0x00,0x00,0x00,0x80,0x00,0x0D,0x19,0x08,0x02,0x00,0x01,0x00,0x25,0x00,0x80,0x4E,0x00,0x00,0x10,0xE0,0x10,0x00,0x11,0x11,0xEE,0xEE,0x00,0x2C,0x82,0x2C,0x82
SDTNQFAMA-032G,0x45,0x3C,0xA6,0x92,0x7E,0x57,0x0B,0x00,0x00,0x04,0x00,0x02,0x00,0x33,0x08,0x0E,0x17,0x80,0x02,0x00,0x01,0x01,0x00,0x16,0x00,0x02,0x0E,0x2C,0x08,0x02,0x00,0x01,0x00,0x19,0x43,0x80,0x4E,0x00,0xB0,0x20,0x80,0x22,0x00,0x11,0x11,0xEE,0xEE,0x00,0x2C,0x82,0x2C,0x82
TC58TFG8T22TA0D-Gen2,0x98,0x3C,0x98,0xB3,0x76,0x71,0x00,0x00,0x02,0x08,0x00,0x02,0x01,0x33,0x08,0x0E,0x14,0x80,0x00,0x00,0x01,0x01,0x03,0xB4,0x40,0x02,0x0F,0x3C,0x08,0x04,0x00,0x01,0x00,0x14,0x00,0xC0,0x4E,0x01,0x68,0x0F,0xA0,0x47,0x00,0x11,0x11,0x11,0x11,0x01,0x3C,0x84,0x44,0x82
TH58TEG5S2FTA,0x98,0xD7,0xD1,0x22,0x7A,0xD5,0x0A,0x00,0x01,0x02,0x00,0x02,0x01,0x33,0x08,0x0E,0x14,0x40,0x01,0x01,0x01,0x01,0x00,0x0D,0x40,0x00,0x0E,0x22,0x08,0x02,0x00,0x01,0x00,0x32,0x00,0x40,0x54,0x00,0x68,0x20,0x40,0x22,0x00,0x11,0x11,0xEE,0xEE,0x00,0x2C,0x82,0x2C,0x82
TC58TEG9DDL,0x98,0x3E,0x96,0x93,0x7E,0x51,0x08,0x00,0x00,0x04,0x00,0x02,0x01,0x33,0x08,0x0E,0x17,0x80,0x02,0x01,0x01,0x01,0x00,0x1D,0x00,0x01,0x0F,0x2C,0x08,0x02,0x00,0x01,0x00,0x15,0x21,0x80,0x4E,0x00,0xD0,0x41,0x00,0x45,0x00,0x11,0x11,0xEE,0xEE,0x00,0x2C,0x82,0x2C,0x82
SDTNSCAMA-008G,0x45,0xDE,0x88,0xA3,0x72,0x51,0x00,0x00,0x02,0x08,0x00,0x01,0x01,0x33,0x08,0x0E,0x13,0x80,0x00,0x00,0x01,0x01,0x01,0x94,0x80,0x01,0x0F,0x3C,0x08,0x04,0x00,0x01,0x00,0x15,0x00,0x80,0x4E,0x01,0x94,0x05,0xA0,0x47,0x00,0x11,0x11,0xEE,0xEE,0x00,0x3C,0x84,0x44,0x82
TC58XXXXX-Kelvin-Test-3,0x98,0x3A,0x94,0xA3,0x76,0xF1,0x00,0x00,0x01,0x04,0x00,0x02,0x01,0x33,0x08,0x0E,0x14,0x80,0x00,0x00,0x01,0x01,0x01,0xAA,0x80,0x01,0x0F,0x2C,0x08,0x02,0x00,0x01,0x00,0x14,0x21,0xC0,0x54,0x00,0x54,0x0B,0x00,0x45,0x00,0x11,0x11,0xEE,0xEE,0x01,0x2C,0x82,0x2C,0x82
Hynix-Kelvin-Test,0xAD,0x5A,0x14,0xF3,0x00,0x70,0x00,0x00,0x00,0x04,0x00,0x02,0x01,0x33,0x08,0x0E,0x15,0x80,0x00,0x00,0x01,0x01,0x03,0x58,0x40,0x02,0x0F,0x2C,0x08,0x02,0x00,0x01,0x00,0x14,0x21,0xC0,0x4E,0x00,0x58,0x07,0x00,0x45,0x00,0x11,0x11,0xEE,0xEE,0x00,0x2C,0x82,0x2C,0x82
29F256G08CBCBB-L06B,0x2C,0xA4,0x64,0x32,0xAA,0x04,0x00,0x00,0x00,0x04,0x00,0x04,0x01,0x18,0x08,0x0E,0x16,0x80,0x00,0x00,0x01,0x01,0x00,0x48,0x00,0x04,0x0F,0x48,0x08,0x08,0x00,0x01,0x00,0x14,0x46,0x80,0x4E,0x00,0x90,0x08,0xA0,0x48,0x00,0x11,0x11,0xEE,0xEE,0x01,0x2C,0x82,0x2C,0x82
Micron-Kelvin-TLC-Test,0x2C,0xB4,0x78,0x32,0xAA,0x04,0x00,0x00,0x02,0x08,0x00,0x04,0x01,0x18,0x08,0x0E,0x17,0x80,0x00,0x00,0x01,0x01,0x00,0x48,0x00,0x06,0x0F,0x48,0x08,0x08,0x00,0x01,0x00,0x14,0x00,0xC0,0x4E,0x01,0x90,0x08,0xA0,0x48,0x00,0x11,0x11,0xEE,0xEE,0x01,0x3C,0x84,0x44,0x82
TC58TEG6DDL-TGL,0x98,0xDE,0x94,0x93,0x76,0xD1,0x00,0x00,0x01,0x04,0x00,0x02,0x01,0x33,0x08,0x0E,0x14,0x80,0x00,0x00,0x01,0x01,0x00,0x32,0x00,0x01,0x0F,0x27,0x08,0x02,0x00,0x01,0x00,0x15,0x21,0x80,0x54,0x00,0x64,0x08,0x00,0x45,0x00,0x11,0x11,0xEE,0xEE,0x00,0x2C,0x82,0x2C,0x82
TC58TEG7DDL,0x98,0x3A,0x95,0x93,0x7A,0x51,0x00,0x00,0x00,0x04,0x00,0x02,0x01,0x33,0x08,0x0E,0x15,0x80,0x01,0x01,0x01,0x01,0x00,0x32,0x00,0x01,0x0F,0x2C,0x08,0x02,0x00,0x01,0x00,0x15,0x21,0x80,0x4E,0x00,0xC8,0x10,0x00,0x45,0x00,0x11,0x11,0xEE,0xEE,0x00,0x2C,0x82,0x2C,0x82
29F128G08CBCCB-L95B,0xB5,0x84,0x64,0x54,0xA9,0x00,0x00,0x00,0x04,0x04,0x00,0x02,0x00,0x33,0x08,0x0E,0x15,0x80,0x00,0x00,0x00,0x01,0x00,0x18,0x00,0x02,0x0F,0x3C,0x08,0x02,0x00,0x01,0x00,0x16,0x45,0x80,0x4E,0x00,0x30,0x08,0x50,0x47,0x00,0x11,0x11,0xEE,0xEE,0x00,0x2C,0x82,0x2C,0x82
29F128G08CBCAB-L85INK,0xB5,0x84,0x64,0x3C,0xA5,0x00,0x00,0x00,0x04,0x04,0x00,0x02,0x00,0x33,0x08,0x0E,0x14,0x80,0x00,0x00,0x00,0x00,0x00,0x00,0x00,0x02,0x0F,0x27,0x08,0x02,0x00,0x01,0x00,0x20,0x44,0x00,0x4E,0x00,0x00,0x08,0xC0,0x44,0x00,0x11,0x11,0xEE,0xEE,0x00,0x2C,0x82,0x2C,0x82
TH58NVG8DCJTA00-L,0x98,0x3C,0x86,0x93,0x7A,0x57,0x0A,0x00,0x00,0x04,0x00,0x01,0x00,0x33,0x08,0x0E,0x16,0x80,0x02,0x01,0x01,0x01,0x00,0x16,0x00,0x01,0x0F,0x2C,0x08,0x02,0x00,0x01,0x00,0x19,0x21,0x80,0x4E,0x00,0xB0,0x20,0x00,0x45,0x00,0x11,0x11,0xEE,0xEE,0x00,0x2C,0x82,0x2C,0x82
TH58NVG4S0FTA00,0x98,0xD5,0x91,0x26,0x76,0x15,0x00,0x00,0x00,0x02,0x00,0x01,0x00,0x33,0x08,0x0D,0x13,0x40,0x01,0x01,0x00,0x00,0x00,0x00,0x40,0x00,0x0D,0x0C,0x08,0x02,0x00,0x01,0x00,0x32,0x00,0x40,0x4E,0x00,0x00,0x20,0xE8,0x10,0x00,0x11,0x11,0xEE,0xEE,0x00,0x2C,0x82,0x2C,0x82
H27UDG8T2BYR,0xAD,0x3A,0x95,0xEB,0x78,0x44,0xAD,0x00,0x00,0x04,0x00,0x02,0x00,0x33,0x08,0x0E,0x15,0x80,0x01,0x01,0x01,0x01,0x00,0x2A,0x00,0x01,0x0F,0x2C,0x08,0x02,0x00,0x01,0x00,0x20,0x43,0x80,0x4E,0x00,0xA8,0x10,0x00,0x45,0x00,0x11,0x11,0xEE,0xEE,0x00,0x2C,0x82,0x2C,0x82
J29F512G08CKCAB-L85,0x89,0xA4,0xE5,0x3C,0xA5,0x00,0x00,0x00,0x04,0x04,0x00,0x02,0x00,0x33,0x08,0x0E,0x15,0x80,0x01,0x01,0x00,0x00,0x00,0x00,0x00,0x02,0x0F,0x27,0x08,0x02,0x00,0x01,0x00,0x20,0x44,0x00,0x4E,0x00,0x00,0x10,0xC0,0x44,0x00,0x11,0x11,0xEE,0xEE,0x00,0x2C,0x82,0x2C,0x82
TH58NVG8DCJTA00-L,0x98,0x3C,0x86,0x93,0x7A,0xD7,0x0A,0x00,0x01,0x04,0x00,0x01,0x00,0x33,0x08,0x0E,0x16,0x80,0x02,0x01,0x01,0x01,0x00,0x16,0x00,0x01,0x0F,0x27,0x08,0x02,0x00,0x01,0x00,0x19,0x21,0x80,0x54,0x00,0xB0,0x20,0x00,0x45,0x00,0x00,0x00,0xEE,0xEE,0x00,0x2C,0x82,0x2C,0x82
29F08B08MCMFH-L84C-2,0x2C,0x84,0xE5,0x3C,0xA5,0x04,0x00,0x00,0x04,0x04,0x00,0x02,0x00,0x33,0x08,0x0E,0x14,0x80,0x01,0x01,0x00,0x00,0x00,0x00,0x00,0x02,0x0F,0x27,0x08,0x02,0x00,0x01,0x00,0x20,0x44,0x00,0x4E,0x00,0x00,0x08,0xC0,0x44,0x00,0x11,0x11,0xEE,0xEE,0x00,0x2C,0x82,0x2C,0x82
J29F32G08AAMDB,0x89,0x68,0x04,0x46,0x89,0x00,0x00,0x00,0x04,0x04,0x00,0x02,0x00,0x33,0x08,0x0D,0x14,0x80,0x00,0x00,0x00,0x00,0x00,0x00,0x00,0x01,0x0D,0x19,0x08,0x02,0x00,0x01,0x00,0x34,0x43,0x00,0x4E,0x00,0x00,0x10,0xE0,0x10,0x00,0x11,0x11,0xEE,0xEE,0x00,0x2C,0x82,0x2C,0x82
TC58TEG6T2HTA00,0x98,0xDE,0x98,0x92,0x72,0xD6,0x0F,0x00,0x01,0x08,0x00,0x02,0x00,0x33,0x08,0x0E,0x15,0x80,0x00,0x00,0x01,0x01,0x00,0x12,0x02,0x01,0x0E,0x3C,0x08,0x04,0x00,0x01,0x00,0x24,0x00,0x56,0x54,0x01,0x48,0x10,0x00,0x24,0x00,0x11,0x11,0xEE,0xEE,0x00,0x3C,0x84,0x44,0x82
MT29F16G08MAA,0x2C,0xD3,0x94,0xA5,0x64,0x00,0x00,0x00,0x00,0x04,0x00,0x04,0x00,0x33,0x08,0x0C,0x14,0x80,0x00,0x00,0x00,0x00,0x00,0x00,0x80,0x00,0x0C,0x19,0x08,0x02,0x00,0x01,0x00,0x70,0x21,0x00,0x4E,0x00,0x00,0x20,0x40,0x08,0x00,0x22,0x22,0xEE,0xEE,0x00,0x2C,0x82,0x2C,0x82
TH58NVG9T2FTA2A,0x98,0xD7,0x99,0xB2,0x7A,0x54,0x00,0x00,0x00,0x04,0x00,0x02,0x01,0x33,0x08,0x0E,0x15,0x80,0x01,0x01,0x01,0x01,0x01,0x7C,0xC0,0x00,0x0E,0x19,0x08,0x02,0x00,0x01,0x00,0x43,0x21,0x80,0x4E,0x00,0xF0,0x15,0x78,0x21,0x00,0x11,0x11,0xEE,0xEE,0x00,0x2C,0x82,0x2C,0x82
SDTNSIBMA-32G-Toggle,0x45,0x3C,0x99,0xA3,0x7A,0xD1,0x00,0x00,0x01,0x08,0x00,0x02,0x01,0x33,0x08,0x0E,0x15,0x80,0x01,0x01,0x01,0x01,0x01,0xA6,0x80,0x01,0x0F,0x3C,0x08,0x04,0x00,0x01,0x00,0x15,0x00,0x80,0x54,0x01,0x98,0x16,0xA0,0x47,0x00,0x11,0x11,0xEE,0xEE,0x00,0x3C,0x84,0x44,0x82
SDTNSIBMA-32G-Legacy,0x45,0x3C,0x99,0xA3,0x7A,0x51,0x00,0x00,0x02,0x08,0x00,0x02,0x01,0x33,0x08,0x0E,0x15,0x80,0x01,0x01,0x01,0x01,0x01,0xA6,0x80,0x01,0x0F,0x3C,0x08,0x04,0x00,0x01,0x00,0x15,0x00,0x80,0x4E,0x01,0x98,0x16,0xA0,0x47,0x00,0x11,0x11,0xEE,0xEE,0x00,0x3C,0x84,0x44,0x82
K9K8G08U0A,0xEC,0xD3,0x51,0x95,0x58,0x00,0x00,0x00,0x00,0x04,0x00,0x04,0x00,0x33,0x08,0x0C,0x14,0x80,0x00,0x00,0x00,0x00,0x00,0x00,0x80,0x00,0x0C,0x19,0x08,0x02,0x00,0x01,0x00,0x63,0x21,0x00,0x4E,0x00,0x00,0x20,0x40,0x08,0x00,0x22,0x22,0xEE,0xEE,0x00,0x2C,0x82,0x2C,0x82
29F128G08EBEBB-B95A-INK,0x2C,0x84,0x48,0x63,0xA9,0x04,0x00,0x00,0x02,0x08,0x00,0x02,0x01,0x33,0x08,0x0E,0x14,0x80,0x00,0x00,0x01,0x01,0x01,0x65,0x00,0x03,0x0E,0x3C,0x08,0x04,0x00,0x01,0x00,0x16,0x00,0x80,0x4E,0x01,0xCA,0x0A,0x50,0x24,0x00,0x11,0x11,0xEE,0xEE,0x00,0x3C,0x84,0x44,0x82
TH58NVG4S2FTA,0x98,0xD5,0xD0,0x22,0x76,0x55,0x0A,0x00,0x00,0x02,0x00,0x02,0x01,0x33,0x08,0x0E,0x13,0x40,0x00,0x00,0x01,0x01,0x00,0x0D,0x40,0x00,0x0E,0x27,0x08,0x02,0x00,0x01,0x00,0x32,0x00,0x40,0x4E,0x00,0x34,0x10,0x40,0x22,0x00,0x11,0x11,0xEE,0xEE,0x00,0x2C,0x82,0x2C,0x82
TC58TEG5DCLTA00,0x98,0xD7,0x84,0x93,0x72,0x51,0x00,0x00,0x00,0x04,0x00,0x01,0x01,0x33,0x08,0x0E,0x13,0x80,0x00,0x00,0x01,0x01,0x00,0x20,0x00,0x01,0x0F,0x2C,0x08,0x02,0x00,0x01,0x00,0x15,0x21,0x80,0x4E,0x00,0x20,0x04,0x00,0x45,0x00,0x11,0x11,0x11,0x11,0x00,0x2C,0x82,0x2C,0x82
SDTN-SZ 15nm Test,0x45,0x4C,0xA8,0xA2,0x76,0x51,0x00,0x00,0x02,0x08,0x00,0x04,0x01,0x33,0x08,0x0E,0x15,0x80,0x00,0x00,0x01,0x01,0x01,0xA6,0x80,0x01,0x0E,0x3C,0x08,0x04,0x00,0x01,0x00,0x15,0x00,0x80,0x4E,0x01,0x98,0x16,0xD0,0x23,0x00,0x11,0x11,0xEE,0xEE,0x00,0x3C,0x84,0x44,0x82
JS29F32B08CAME1,0x89,0xC8,0x26,0xCB,0xA9,0x00,0x00,0x00,0x04,0x04,0x00,0x02,0x00,0x33,0x08,0x0E,0x16,0x80,0x02,0x01,0x00,0x00,0x00,0x00,0x00,0x01,0x0E,0x1D,0x08,0x02,0x00,0x01,0x00,0x25,0x44,0x80,0x4E,0x00,0x00,0x40,0xC0,0x21,0x00,0x11,0x11,0xEE,0xEE,0x00,0x2C,0x82,0x2C,0x82
TC58TEG8DFL-TGL,0x98,0x3C,0xA5,0x93,0x7E,0xD1,0x08,0x00,0x01,0x04,0x00,0x04,0x01,0x33,0x08,0x0E,0x16,0x80,0x01,0x01,0x01,0x01,0x00,0x27,0x00,0x01,0x0F,0x27,0x08,0x02,0x00,0x01,0x00,0x15,0x21,0x80,0x54,0x00,0x38,0x21,0x60,0x45,0x00,0x11,0x11,0xEE,0xEE,0x00,0x2C,0x82,0x2C,0x82
TC58TEG8DFL,0x98,0x3C,0xA5,0x93,0x7E,0x51,0x08,0x00,0x00,0x04,0x00,0x04,0x01,0x33,0x08,0x0E,0x16,0x80,0x01,0x01,0x01,0x01,0x00,0x27,0x00,0x01,0x0F,0x2C,0x08,0x02,0x00,0x01,0x00,0x15,0x21,0x80,0x4E,0x00,0x38,0x21,0x60,0x45,0x00,0x11,0x11,0xEE,0xEE,0x00,0x2C,0x82,0x2C,0x82
SDTNSFAMA,0x45,0xD7,0x84,0x93,0x72,0x51,0x00,0x00,0x00,0x04,0x00,0x01,0x01,0x33,0x08,0x0E,0x13,0x80,0x00,0x00,0x01,0x01,0x00,0x20,0x00,0x01,0x0F,0x2C,0x08,0x02,0x00,0x01,0x00,0x15,0x21,0x80,0x4E,0x00,0x20,0x04,0x00,0x45,0x00,0x11,0x11,0xEE,0xEE,0x00,0x2C,0x82,0x2C,0x82
Micron-Kelvin-L04-Test1,0x2C,0x64,0xC6,0x34,0xAA,0x00,0x00,0x00,0x00,0x04,0x00,0x04,0x01,0x18,0x08,0x0E,0x14,0x80,0x00,0x00,0x01,0x01,0x00,0x40,0x00,0x02,0x0F,0x48,0x08,0x08,0x00,0x01,0x00,0x14,0x48,0x80,0x4E,0x00,0x40,0x04,0xA0,0x48,0x00,0x11,0x11,0xEE,0xEE,0x00,0x2C,0x82,0x2C,0x82
DP8AG5LAPA,0x45,0x3C,0xA5,0x93,0x7E,0x50,0x08,0x00,0x00,0x04,0x00,0x04,0x01,0x33,0x08,0x0E,0x16,0x80,0x01,0x01,0x01,0x01,0x00,0x2D,0x00,0x01,0x0F,0x2C,0x08,0x02,0x00,0x01,0x00,0x16,0x21,0x80,0x4E,0x00,0x68,0x21,0x00,0x45,0x00,0x11,0x11,0xEE,0xEE,0x00,0x2C,0x82,0x2C,0x82
TC58NVG0S3HTAI0,0x98,0xF1,0x80,0x15,0x72,0x16,0x00,0x00,0x00,0x02,0x00,0x01,0x00,0x33,0x08,0x0C,0x10,0x40,0x00,0x00,0x00,0x00,0x00,0x00,0x40,0x00,0x0C,0x0C,0x08,0x02,0x00,0x01,0x00,0x24,0x00,0x40,0x4E,0x00,0x00,0x04,0x80,0x08,0x00,0x11,0x11,0xEE,0xEE,0x00,0x2C,0x82,0x2C,0x82
TC58BVG2S0HTA00,0x98,0xDC,0x90,0x26,0xF6,0x16,0x08,0x00,0x00,0x02,0x00,0x02,0x00,0x33,0x08,0x0D,0x11,0x40,0x00,0x00,0x00,0x00,0x00,0x00,0x40,0x00,0x0D,0x0C,0x08,0x02,0x00,0x01,0x00,0x24,0x00,0x40,0x4E,0x00,0x00,0x08,0x80,0x10,0x00,0x11,0x11,0xEE,0xEE,0x00,0x2C,0x82,0x2C,0x82
TC58NVG2S0HTAI0-16Bit,0x98,0xCC,0x90,0x66,0x76,0x16,0x08,0x00,0x00,0x02,0x00,0x02,0x00,0x33,0x10,0x0D,0x11,0x40,0x00,0x00,0x00,0x00,0x00,0x00,0x40,0x00,0x0D,0x0C,0x08,0x02,0x00,0x01,0x00,0x24,0x00,0x40,0x4E,0x00,0x00,0x08,0x00,0x11,0x00,0x11,0x11,0xEE,0xEE,0x00,0x2C,0x82,0x2C,0x82
TC58NVG2S0HTAI0,0x98,0xDC,0x90,0x26,0x76,0x16,0x08,0x00,0x00,0x02,0x00,0x02,0x00,0x33,0x08,0x0D,0x11,0x40,0x00,0x00,0x00,0x00,0x00,0x00,0x40,0x00,0x0D,0x0C,0x08,0x02,0x00,0x01,0x00,0x24,0x00,0x40,0x4E,0x00,0x00,0x08,0x00,0x11,0x00,0x11,0x11,0xEE,0xEE,0x00,0x2C,0x82,0x2C,0x82
TH58NVG9DBHBAS9,0x45,0x3A,0x95,0x83,0x7A,0x56,0x00,0x00,0x00,0x04,0x00,0x02,0x01,0x33,0x08,0x0E,0x15,0x80,0x01,0x01,0x01,0x01,0x00,0x11,0x80,0x00,0x0F,0x2C,0x08,0x02,0x00,0x01,0x00,0x24,0x21,0x80,0x4E,0x00,0x88,0x20,0x00,0x45,0x00,0x11,0x11,0xEE,0xEE,0x00,0x2C,0x82,0x2C,0x82
TH58TEG9DBHBAS9,0x45,0x3A,0x95,0x83,0x7A,0xD6,0x00,0x00,0x01,0x04,0x00,0x02,0x01,0x33,0x08,0x0E,0x15,0x80,0x01,0x01,0x01,0x01,0x00,0x11,0x80,0x00,0x0F,0x27,0x08,0x02,0x00,0x01,0x00,0x24,0x21,0x80,0x54,0x00,0x88,0x20,0x00,0x45,0x00,0x11,0x11,0xEE,0xEE,0x00,0x2C,0x82,0x2C,0x82
SDTNQGDMA-064G,0x45,0x3E,0xA7,0x92,0x7E,0x57,0x0B,0x00,0x00,0x04,0x00,0x02,0x00,0x33,0x08,0x0E,0x18,0x80,0x03,0x00,0x01,0x01,0x00,0x16,0x00,0x02,0x0E,0x2C,0x08,0x02,0x00,0x01,0x00,0x19,0x43,0x80,0x4E,0x00,0x60,0x41,0x80,0x22,0x00,0x11,0x11,0xEE,0xEE,0x00,0x2C,0x82,0x2C,0x82
SDTNQGBMA-016G,0x45,0x4C,0x95,0x93,0x7A,0x57,0x08,0x00,0x00,0x04,0x00,0x02,0x01,0x33,0x08,0x0E,0x15,0x80,0x01,0x01,0x01,0x01,0x00,0x22,0x00,0x01,0x0F,0x2C,0x08,0x02,0x00,0x01,0x00,0x19,0x21,0x80,0x4E,0x00,0x88,0x10,0x00,0x45,0x00,0x11,0x11,0x11,0x11,0x00,0x2C,0x82,0x2C,0x82
29F32G08CBACA,0x2C,0x68,0x04,0x4A,0xA9,0x00,0x00,0x00,0x04,0x04,0x00,0x02,0x00,0x33,0x08,0x0D,0x14,0x80,0x00,0x00,0x00,0x00,0x00,0x00,0x00,0x01,0x0D,0x19,0x08,0x02,0x00,0x01,0x00,0x34,0x43,0x00,0x4E,0x00,0x00,0x10,0xE0,0x10,0x00,0x11,0x11,0xEE,0xEE,0x00,0x2C,0x82,0x2C,0x82
TC58TEG7TKKTA00-1Y,0x98,0x3A,0xA9,0x92,0x7A,0x50,0x00,0x00,0x02,0x08,0x00,0x04,0x01,0x33,0x08,0x0E,0x16,0x80,0x01,0x01,0x01,0x01,0x00,0x3A,0x02,0x01,0x0E,0x3C,0x08,0x04,0x00,0x01,0x00,0x16,0x00,0x56,0x4E,0x01,0xD0,0x21,0xD0,0x23,0x00,0x11,0x11,0x11,0x11,0x00,0x3C,0x84,0x44,0x82
TH58NVG8D7E,0x98,0x4A,0x96,0x32,0x7E,0x54,0x0D,0x00,0x00,0x04,0x00,0x02,0x01,0x33,0x10,0x0E,0x16,0x80,0x02,0x01,0x01,0x01,0x00,0x0D,0x80,0x00,0x0E,0x19,0x08,0x02,0x00,0x01,0x00,0x43,0x21,0x80,0x4E,0x00,0xD0,0x40,0x78,0x21,0x00,0x11,0x11,0xEE,0xEE,0x00,0x2C,0x82,0x2C,0x82
MT29F64G08CBCGB(L04B),0x2C,0x64,0x44,0x32,0xA5,0x00,0x00,0x00,0x00,0x04,0x00,0x02,0x01,0x18,0x08,0x0E,0x14,0x80,0x00,0x00,0x01,0x01,0x00,0x40,0x00,0x02,0x0F,0x48,0x08,0x08,0x00,0x01,0x00,0x14,0x48,0x80,0x4E,0x00,0x40,0x04,0xA0,0x48,0x00,0x11,0x11,0xEE,0xEE,0x01,0x2C,0x82,0x2C,0x82
H27QDG8M2BLR,0xAD,0x3A,0x18,0x03,0x00,0x50,0x00,0x00,0x02,0x08,0x00,0x02,0x00,0x33,0x08,0x0E,0x14,0x80,0x00,0x00,0x01,0x01,0x01,0x94,0x80,0x01,0x0F,0x3C,0x08,0x04,0x00,0x01,0x00,0x14,0x00,0x80,0x4E,0x01,0x28,0x0B,0x00,0x48,0x00,0x11,0x11,0xEE,0xEE,0x00,0x3C,0x84,0x44,0x82
TH58NVG7D2F,0x98,0xDE,0x95,0x32,0x7A,0x55,0x0D,0x00,0x00,0x04,0x00,0x02,0x01,0x33,0x08,0x0E,0x15,0x80,0x01,0x01,0x01,0x01,0x00,0x01,0x80,0x00,0x0E,0x1D,0x08,0x02,0x00,0x01,0x00,0x32,0x21,0x80,0x4E,0x00,0x08,0x20,0xC0,0x21,0x00,0x11,0x11,0xEE,0xEE,0x00,0x2C,0x82,0x2C,0x82
TC58NVG8D2GTA00,0x98,0x3C,0x96,0x82,0x7E,0x56,0x00,0x00,0x00,0x04,0x00,0x02,0x01,0x33,0x08,0x0E,0x17,0x80,0x02,0x01,0x01,0x01,0x00,0x07,0x00,0x01,0x0E,0x2C,0x08,0x02,0x00,0x01,0x00,0x24,0x43,0x80,0x4E,0x00,0x70,0x40,0x80,0x22,0x00,0x11,0x11,0xEE,0xEE,0x00,0x2C,0x82,0x2C,0x82
TC58TEG8D2GTA00,0x98,0x3C,0x96,0x82,0x7E,0xD6,0x00,0x00,0x01,0x04,0x00,0x02,0x01,0x33,0x08,0x0E,0x17,0x80,0x02,0x01,0x01,0x01,0x00,0x07,0x00,0x01,0x0E,0x27,0x08,0x02,0x00,0x01,0x00,0x24,0x43,0x80,0x54,0x00,0x70,0x40,0x80,0x22,0x00,0x11,0x11,0xEE,0xEE,0x00,0x2C,0x82,0x2C,0x82
TC58TEG9TDL-Toggle,0x98,0x3E,0x9A,0xA3,0x7E,0xD1,0x00,0x00,0x01,0x08,0x00,0x02,0x01,0x33,0x08,0x0E,0x16,0x80,0x02,0x02,0x01,0x01,0x01,0xA6,0x80,0x01,0x0F,0x3C,0x08,0x04,0x00,0x01,0x00,0x15,0x00,0x80,0x54,0x01,0x30,0x2D,0xA0,0x47,0x00,0x11,0x11,0xEE,0xEE,0x00,0x3C,0x84,0x44,0x82
TC58TEG9TDL-Legacy,0x98,0x3E,0x9A,0xA3,0x7E,0x51,0x00,0x00,0x02,0x08,0x00,0x02,0x01,0x33,0x08,0x0E,0x16,0x80,0x02,0x02,0x01,0x01,0x01,0xA6,0x80,0x01,0x0F,0x3C,0x08,0x04,0x00,0x01,0x00,0x15,0x00,0x80,0x4E,0x01,0x30,0x2D,0xA0,0x47,0x00,0x11,0x11,0xEE,0xEE,0x00,0x3C,0x84,0x44,0x82
TC58TEG7THL-TGL,0x98,0x3A,0x98,0xA3,0x76,0xD1,0x00,0x00,0x01,0x08,0x00,0x02,0x01,0x33,0x08,0x0E,0x14,0x80,0x00,0x00,0x01,0x01,0x01,0xA6,0x80,0x01,0x0F,0x3C,0x08,0x04,0x00,0x01,0x00,0x15,0x00,0x80,0x54,0x01,0x4C,0x0B,0xA0,0x47,0x00,0x11,0x11,0xEE,0xEE,0x00,0x3C,0x84,0x44,0x82
TH58TEG6S2FTA,0x98,0xDE,0xD2,0x22,0x7E,0xD5,0x0A,0x00,0x01,0x02,0x00,0x02,0x01,0x33,0x08,0x0E,0x15,0x40,0x02,0x01,0x01,0x01,0x00,0x0D,0x40,0x00,0x0E,0x22,0x08,0x02,0x00,0x01,0x00,0x32,0x00,0x40,0x54,0x00,0xD0,0x40,0x40,0x22,0x00,0x11,0x11,0xEE,0xEE,0x00,0x2C,0x82,0x2C,0x82
MT29F8G08ABACA,0x2C,0xD3,0x90,0xA6,0x64,0x00,0x00,0x00,0x00,0x02,0x00,0x02,0x00,0x33,0x08,0x0D,0x12,0x40,0x00,0x00,0x00,0x00,0x00,0x00,0x40,0x00,0x0D,0x19,0x08,0x02,0x00,0x01,0x00,0x25,0x00,0x40,0x4E,0x00,0x00,0x10,0xE0,0x10,0x00,0x11,0x11,0xEE,0xEE,0x00,0x2C,0x82,0x2C,0x82
SDTNRIBMA-016G,0x45,0x4C,0xA9,0x92,0x7A,0x50,0x00,0x00,0x02,0x08,0x00,0x04,0x01,0x33,0x08,0x0E,0x16,0x80,0x01,0x01,0x01,0x01,0x00,0x3A,0x02,0x01,0x0E,0x3C,0x08,0x04,0x00,0x01,0x00,0x16,0x00,0x56,0x4E,0x01,0xD0,0x21,0xD0,0x23,0x00,0x11,0x11,0x11,0x11,0x00,0x3C,0x84,0x44,0x82
H27QEG8M3M8R,0xAD,0x5C,0x28,0xBA,0x00,0x80,0x00,0x00,0x02,0x08,0x00,0x04,0x00,0x33,0x08,0x0E,0x15,0x80,0x00,0x00,0x01,0x01,0x03,0x6C,0x80,0x04,0x0E,0x3C,0x08,0x04,0x00,0x01,0x00,0x14,0x00,0x80,0x4E,0x01,0xD8,0x0E,0x00,0x24,0x00,0x11,0x11,0xEE,0xEE,0x01,0x3C,0x84,0x44,0x82
29F08B08MCMFH-L84CINK,0xB5,0x64,0x64,0x3C,0xA5,0x04,0x00,0x00,0x04,0x04,0x00,0x02,0x00,0x33,0x08,0x0E,0x13,0x80,0x00,0x00,0x00,0x00,0x00,0x00,0x00,0x02,0x0F,0x27,0x08,0x02,0x00,0x01,0x00,0x20,0x44,0x00,0x4E,0x00,0x00,0x04,0xC0,0x44,0x00,0x11,0x11,0xEE,0xEE,0x00,0x2C,0x82,0x2C,0x82
TC58TEG8DDL,0x98,0x3C,0x96,0x93,0x7E,0x51,0x00,0x00,0x00,0x04,0x00,0x02,0x01,0x33,0x08,0x0E,0x16,0x80,0x02,0x01,0x01,0x01,0x00,0x32,0x00,0x01,0x0F,0x2C,0x08,0x02,0x00,0x01,0x00,0x15,0x21,0x80,0x4E,0x00,0x90,0x21,0x00,0x45,0x00,0x11,0x11,0xEE,0xEE,0x00,0x2C,0x82,0x2C,0x82
TC58TFG8T23TA0D-Gen3,0x98,0x3C,0x98,0xB3,0x76,0x72,0x00,0x00,0x02,0x08,0x00,0x02,0x01,0x33,0x08,0x0E,0x14,0x80,0x00,0x00,0x01,0x01,0x01,0xC6,0x00,0x03,0x0F,0x3C,0x08,0x04,0x00,0x01,0x00,0x13,0x00,0xC0,0x4E,0x01,0x8C,0x0B,0xA0,0x47,0x00,0x11,0x11,0x11,0x11,0x01,0x3C,0x84,0x44,0x82
3D-Gen3-Test,0x98,0x3C,0x98,0xB3,0x76,0x62,0x00,0x00,0x02,0x08,0x00,0x02,0x01,0x33,0x08,0x0E,0x14,0x80,0x00,0x00,0x01,0x01,0x01,0xC6,0x00,0x03,0x0F,0x3C,0x08,0x04,0x00,0x01,0x00,0x13,0x00,0xC0,0x4E,0x01,0x8C,0x0B,0xA0,0x47,0x00,0x11,0x11,0xEE,0xEE,0x01,0x3C,0x84,0x44,0x82
MT29F128G08EBCDBWP-B05A,0x2C,0x84,0x58,0x32,0xA1,0x00,0x00,0x00,0x02,0x08,0x00,0x02,0x01,0x18,0x08,0x0E,0x15,0x80,0x00,0x00,0x01,0x01,0x01,0xC8,0x00,0x03,0x0F,0x3C,0x08,0x04,0x00,0x01,0x00,0x14,0x00,0x00,0x4E,0x01,0xC8,0x05,0xA0,0x48,0x00,0x11,0x11,0xEE,0xEE,0x01,0x3C,0x84,0x44,0x82
MT29F128G08EBCDBWP,0x2C,0x84,0xD8,0x32,0xA1,0x00,0x00,0x00,0x02,0x08,0x00,0x02,0x01,0x18,0x08,0x0E,0x15,0x80,0x00,0x00,0x01,0x01,0x01,0xC8,0x00,0x03,0x0F,0x3C,0x08,0x04,0x00,0x01,0x00,0x14,0x00,0x00,0x4E,0x01,0xC8,0x05,0xA0,0x48,0x00,0x11,0x11,0xEE,0xEE,0x01,0x3C,0x84,0x44,0x82
TC58TFG9T22TA0D-Gen2,0x98,0x3E,0x99,0xB3,0x7A,0x71,0x00,0x00,0x02,0x08,0x00,0x02,0x01,0x33,0x08,0x0E,0x15,0x80,0x01,0x01,0x01,0x01,0x03,0xB4,0x40,0x02,0x0F,0x3C,0x08,0x04,0x00,0x01,0x00,0x14,0x00,0xC0,0x4E,0x01,0xD0,0x1E,0xA0,0x47,0x00,0x11,0x11,0x22,0x22,0x01,0x3C,0x84,0x44,0x82
PF29F32B2ALCMG2-L06B,0x89,0xA4,0x64,0x32,0xAA,0x01,0x00,0x00,0x00,0x04,0x00,0x04,0x01,0x18,0x08,0x0E,0x16,0x80,0x00,0x00,0x01,0x01,0x00,0x48,0x00,0x04,0x0F,0x48,0x08,0x08,0x00,0x01,0x00,0x14,0x46,0x80,0x4E,0x00,0x90,0x08,0xA0,0x48,0x00,0x11,0x11,0xEE,0xEE,0x01,0x2C,0x82,0x2C,0x82
TH58NVG8D2FBAK0,0x98,0x3A,0x96,0x32,0x7E,0x55,0x0D,0x00,0x00,0x04,0x00,0x02,0x01,0x33,0x08,0x0E,0x16,0x80,0x02,0x01,0x01,0x01,0x00,0x01,0x80,0x00,0x0E,0x1D,0x08,0x02,0x00,0x01,0x00,0x32,0x21,0x80,0x4E,0x00,0x10,0x40,0xC0,0x21,0x00,0x11,0x11,0xEE,0xEE,0x00,0x2C,0x82,0x2C,0x82
J29F512G08CBCBB-L06B,0x89,0xC4,0xE5,0x32,0xAA,0x01,0x00,0x00,0x00,0x04,0x00,0x04,0x01,0x18,0x08,0x0E,0x17,0x80,0x01,0x01,0x01,0x01,0x00,0x48,0x00,0x04,0x0F,0x48,0x08,0x08,0x00,0x01,0x00,0x14,0x46,0x80,0x4E,0x00,0x20,0x11,0xA0,0x48,0x00,0x11,0x11,0xEE,0xEE,0x01,0x2C,0x82,0x2C,0x82
SDTNSHAMA-016G,0x45,0x3A,0xA4,0x93,0x7A,0x51,0x00,0x00,0x00,0x04,0x00,0x04,0x01,0x33,0x08,0x0E,0x15,0x80,0x00,0x00,0x01,0x01,0x00,0x27,0x00,0x01,0x0F,0x2C,0x08,0x02,0x00,0x01,0x00,0x15,0x21,0x80,0x4E,0x00,0x9C,0x10,0x60,0x45,0x00,0x11,0x11,0xEE,0xEE,0x00,0x2C,0x82,0x2C,0x82
TC58TEG9DFL-TGL,0x98,0x3E,0xA6,0x93,0x7E,0xD1,0x08,0x00,0x01,0x04,0x00,0x04,0x01,0x33,0x08,0x0E,0x17,0x80,0x02,0x01,0x01,0x01,0x00,0x27,0x00,0x01,0x0F,0x27,0x08,0x02,0x00,0x01,0x00,0x15,0x21,0x80,0x54,0x00,0x70,0x42,0x60,0x45,0x00,0x11,0x11,0xEE,0xEE,0x00,0x2C,0x82,0x2C,0x82
TH58NVG8DDJTA00-verC,0x98,0x3C,0x96,0x93,0x7E,0x57,0x08,0x00,0x00,0x04,0x00,0x02,0x01,0x33,0x08,0x0E,0x16,0x80,0x02,0x01,0x01,0x01,0x00,0x22,0x00,0x01,0x0F,0x2C,0x08,0x02,0x00,0x01,0x00,0x19,0x21,0x80,0x4E,0x00,0x10,0x21,0x00,0x45,0x00,0x11,0x11,0x11,0x11,0x00,0x2C,0x82,0x2C,0x82
TH58TEG8DDJTA00-verC,0x98,0x3C,0x96,0x93,0x7E,0xD7,0x08,0x00,0x01,0x04,0x00,0x02,0x01,0x33,0x08,0x0E,0x16,0x80,0x02,0x01,0x01,0x01,0x00,0x22,0x00,0x01,0x0F,0x27,0x08,0x02,0x00,0x01,0x00,0x19,0x21,0x80,0x54,0x00,0x10,0x21,0x00,0x45,0x00,0x00,0x00,0x11,0x11,0x00,0x2C,0x82,0x2C,0x82
SDTNQFBMM-016G-T,0x45,0x3A,0x85,0x93,0x76,0xD7,0x0A,0x00,0x01,0x04,0x00,0x01,0x00,0x33,0x08,0x0E,0x15,0x80,0x01,0x01,0x01,0x01,0x00,0x16,0x00,0x01,0x0F,0x27,0x08,0x02,0x00,0x01,0x00,0x19,0x21,0x80,0x54,0x00,0x58,0x10,0x00,0x45,0x00,0x11,0x11,0xEE,0xEE,0x00,0x2C,0x82,0x2C,0x82
29F512G08CBCBB-L06B,0x2C,0xC4,0xE5,0x32,0xAA,0x04,0x00,0x00,0x00,0x04,0x00,0x04,0x01,0x18,0x08,0x0E,0x17,0x80,0x01,0x01,0x01,0x01,0x00,0x48,0x00,0x04,0x0F,0x48,0x08,0x08,0x00,0x01,0x00,0x14,0x46,0x80,0x4E,0x00,0x20,0x11,0xA0,0x48,0x00,0x11,0x11,0xEE,0xEE,0x01,0x2C,0x82,0x2C,0x82
TC58TEG7TKKTA00-1Y,0x98,0x3A,0xA9,0x92,0x7A,0xD0,0x00,0x00,0x01,0x08,0x00,0x04,0x01,0x33,0x08,0x0E,0x16,0x80,0x01,0x01,0x01,0x01,0x00,0x3A,0x02,0x01,0x0E,0x3C,0x08,0x04,0x00,0x01,0x00,0x16,0x00,0x56,0x54,0x01,0xD0,0x21,0xD0,0x23,0x00,0x11,0x11,0xEE,0xEE,0x00,0x3C,0x84,0x44,0x82
SDTN-SZ 15nm Test 16KB,0x45,0x4C,0xA8,0xA3,0x76,0x51,0x00,0x00,0x02,0x08,0x00,0x04,0x01,0x33,0x08,0x0E,0x15,0x80,0x00,0x00,0x01,0x01,0x01,0xA6,0x80,0x01,0x0F,0x3C,0x08,0x04,0x00,0x01,0x00,0x15,0x00,0x80,0x4E,0x01,0x4C,0x0B,0xA0,0x47,0x00,0x11,0x11,0xEE,0xEE,0x00,0x3C,0x84,0x44,0x82
TC58TEG9DFL-Legacy,0x98,0x3E,0xA6,0x93,0x7E,0x51,0x08,0x00,0x00,0x04,0x00,0x04,0x01,0x33,0x08,0x0E,0x17,0x80,0x02,0x01,0x01,0x01,0x00,0x27,0x00,0x01,0x0F,0x2C,0x08,0x02,0x00,0x01,0x00,0x15,0x21,0x80,0x4E,0x00,0x70,0x42,0x60,0x45,0x00,0x11,0x11,0xEE,0xEE,0x00,0x2C,0x82,0x2C,0x82
TC58TFG8T23TA0D-Gen3T,0x98,0x3C,0x98,0xB3,0x76,0xF2,0x00,0x00,0x01,0x08,0x00,0x02,0x01,0x33,0x08,0x0E,0x14,0x80,0x00,0x00,0x01,0x01,0x01,0xC6,0x00,0x03,0x0F,0x3C,0x08,0x04,0x00,0x01,0x00,0x13,0x00,0xC0,0x54,0x01,0x8C,0x0B,0xA0,0x47,0x00,0x11,0x11,0xEE,0xEE,0x01,0x3C,0x84,0x44,0x82
H27QEG8N2BLR,0xAD,0x3A,0x19,0x03,0x00,0x50,0x00,0x00,0x02,0x08,0x00,0x02,0x00,0x33,0x08,0x0E,0x14,0x80,0x01,0x01,0x01,0x01,0x01,0x94,0x80,0x01,0x0F,0x3C,0x08,0x04,0x00,0x01,0x00,0x14,0x00,0x80,0x4E,0x01,0x50,0x16,0x00,0x48,0x00,0x11,0x11,0xEE,0xEE,0x00,0x3C,0x84,0x44,0x82
TH58NVG8S2FBA8A,0x98,0xDE,0xD2,0x22,0x7E,0x55,0x0A,0x00,0x01,0x02,0x00,0x02,0x01,0x33,0x08,0x0E,0x15,0x40,0x02,0x01,0x01,0x01,0x00,0x0D,0x40,0x00,0x0E,0x27,0x08,0x02,0x00,0x01,0x00,0x32,0x00,0x40,0x4E,0x00,0xD0,0x40,0x40,0x22,0x00,0x11,0x11,0xEE,0xEE,0x00,0x2C,0x82,0x2C,0x82
TC58NVG5T2FTA00,0x98,0xD7,0x98,0x82,0x76,0x55,0x0A,0x00,0x02,0x08,0x00,0x02,0x00,0x33,0x08,0x0E,0x14,0x80,0x00,0x00,0x01,0x01,0x00,0x2E,0x02,0x01,0x0E,0x3C,0x08,0x04,0x00,0x01,0x00,0x32,0x00,0x56,0x4E,0x01,0x5C,0x08,0x00,0x24,0x00,0x11,0x11,0xEE,0xEE,0x00,0x3C,0x84,0x44,0x82
TC58NVG4D2FTA00,0x98,0xD5,0x94,0x32,0x76,0x55,0x0B,0x00,0x00,0x04,0x00,0x02,0x01,0x33,0x08,0x0E,0x14,0x80,0x00,0x00,0x01,0x01,0x00,0x0E,0x80,0x00,0x0E,0x1D,0x08,0x02,0x00,0x01,0x00,0x32,0x21,0x80,0x4E,0x00,0x1C,0x08,0xC0,0x21,0x00,0x11,0x11,0xEE,0xEE,0x00,0x2C,0x82,0x2C,0x82
H27QDG8M2BLR-test 1V8 ,0xAD,0x5A,0x18,0x03,0x00,0x50,0x00,0x00,0x02,0x08,0x00,0x02,0x00,0x18,0x08,0x0E,0x14,0x80,0x00,0x00,0x01,0x01,0x01,0x94,0x80,0x01,0x0F,0x3C,0x08,0x04,0x00,0x01,0x00,0x14,0x00,0x80,0x4E,0x01,0x28,0x0B,0x00,0x48,0x00,0x11,0x11,0xEE,0xEE,0x00,0x3C,0x84,0x44,0x82
SDTNQFAMA-008G-Maker_98,0x98,0xDE,0xA4,0x92,0x76,0x57,0x0B,0x00,0x00,0x04,0x00,0x02,0x00,0x33,0x08,0x0E,0x15,0x80,0x00,0x00,0x01,0x01,0x00,0x16,0x00,0x02,0x0E,0x2C,0x08,0x02,0x00,0x01,0x00,0x19,0x43,0x80,0x4E,0x00,0x2C,0x08,0x80,0x22,0x00,0x11,0x11,0xEE,0xEE,0x00,0x2C,0x82,0x2C,0x82
TH58NVG7E2F-Toggle mode,0x98,0x3A,0xD6,0x32,0x7E,0xD5,0x0A,0x00,0x00,0x04,0x00,0x02,0x01,0x33,0x08,0x0E,0x16,0x80,0x02,0x00,0x01,0x01,0x00,0x0D,0x80,0x00,0x0E,0x1D,0x08,0x04,0x00,0x01,0x00,0x32,0x21,0x80,0x54,0x00,0xD0,0x40,0xC0,0x21,0x00,0x11,0x11,0xEE,0xEE,0x00,0x2C,0x82,0x2C,0x82
TC58TFG8T23TA0D-BiCS3,0x98,0x3E,0x99,0xB3,0x7A,0x72,0x08,0x0E,0x02,0x08,0x00,0x02,0x01,0x33,0x08,0x0E,0x15,0x80,0x01,0x01,0x01,0x01,0x01,0xC6,0x00,0x03,0x0F,0x3C,0x08,0x04,0x00,0x01,0x00,0x13,0x00,0xC0,0x4E,0x01,0x18,0x17,0xA0,0x47,0x00,0x11,0x11,0x11,0x11,0x01,0x3C,0x84,0x44,0x82
MT29F256G08EBHAF,0x2C,0xA4,0x88,0x32,0xA1,0x00,0x00,0x00,0x04,0x08,0x00,0x02,0x01,0x18,0x08,0x0E,0x16,0x80,0x00,0x00,0x01,0x01,0x01,0xF0,0x00,0x09,0x0F,0x3C,0x08,0x04,0x00,0x01,0x00,0x14,0x00,0xC0,0x4E,0x01,0xF0,0x03,0xA0,0x48,0x00,0x11,0x11,0xEE,0xEE,0x01,0x3C,0x84,0x44,0x82
JS29F64G08JCME1 -L74A,0x89,0x88,0x24,0x3B,0xA9,0x00,0x00,0x00,0x04,0x04,0x00,0x02,0x00,0x33,0x08,0x0E,0x14,0x80,0x00,0x00,0x00,0x00,0x00,0x00,0x80,0x00,0x0E,0x1D,0x08,0x02,0x00,0x01,0x00,0x25,0x44,0x80,0x4E,0x00,0x00,0x10,0xC0,0x21,0x00,0x11,0x11,0xEE,0xEE,0x00,0x2C,0x82,0x2C,0x82
TH58TFG8T22BA4C-BiCs2,0x98,0x3C,0x98,0xB3,0x76,0xF1,0x00,0x00,0x01,0x08,0x00,0x02,0x01,0x33,0x08,0x0E,0x14,0x80,0x00,0x00,0x01,0x01,0x03,0xB4,0x40,0x02,0x0F,0x3C,0x08,0x04,0x00,0x01,0x00,0x14,0x00,0xC0,0x54,0x01,0x68,0x0F,0xA0,0x47,0x00,0x11,0x11,0xEE,0xEE,0x01,0x3C,0x84,0x44,0x82
PF29F02T08SCMFP,0x89,0xC4,0xE6,0x3C,0xA5,0x0C,0x00,0x00,0x04,0x04,0x00,0x02,0x00,0x33,0x08,0x0E,0x15,0x80,0x00,0x00,0x00,0x00,0x00,0x00,0x00,0x02,0x0F,0x27,0x08,0x02,0x00,0x01,0x00,0x20,0x44,0x00,0x4E,0x00,0x00,0x04,0xC0,0x44,0x00,0x11,0x11,0xEE,0xEE,0x00,0x2C,0x82,0x2C,0x82
Sandisk 19nm verB,0x45,0xD7,0x84,0x93,0x72,0x57,0x08,0x00,0x00,0x04,0x00,0x01,0x00,0x33,0x08,0x0E,0x13,0x80,0x00,0x00,0x01,0x01,0x00,0x24,0x00,0x01,0x0F,0x2C,0x08,0x02,0x00,0x01,0x00,0x19,0x21,0x00,0x4E,0x00,0x24,0x04,0x00,0x45,0x00,0x11,0x11,0xEE,0xEE,0x00,0x2C,0x82,0x2C,0x82
Sandisk 15nm MLC 256GB-Legacy,0x45,0x3E,0xA6,0x93,0x7E,0x51,0x08,0x00,0x00,0x04,0x00,0x04,0x01,0x33,0x08,0x0E,0x17,0x80,0x02,0x01,0x01,0x01,0x00,0x27,0x00,0x01,0x0F,0x2C,0x08,0x02,0x00,0x01,0x00,0x15,0x21,0x80,0x4E,0x00,0x70,0x42,0x60,0x45,0x00,0x11,0x11,0xEE,0xEE,0x00,0x2C,0x82,0x2C,0x82
TH58TEG6H2HBA4C,0x98,0xD7,0xA0,0x32,0x76,0xD6,0x08,0x00,0x01,0x02,0x00,0x02,0x00,0x33,0x08,0x0E,0x14,0x80,0x00,0x00,0x00,0x01,0x00,0x0F,0x80,0x00,0x0E,0x0C,0x08,0x02,0x00,0x01,0x00,0x24,0x00,0x80,0x54,0x00,0x3C,0x10,0x00,0x24,0x00,0x11,0x11,0xEE,0xEE,0x00,0x2C,0x82,0x2C,0x82
MT29F256G08EBHAF-B16,0x2C,0xA4,0x08,0x32,0xA1,0x00,0x00,0x00,0x04,0x08,0x00,0x02,0x01,0x18,0x08,0x0E,0x16,0x80,0x00,0x00,0x01,0x01,0x01,0xF0,0x00,0x09,0x0F,0x3C,0x08,0x04,0x00,0x01,0x00,0x14,0x00,0xC0,0x4E,0x01,0xF0,0x03,0xA0,0x48,0x00,0x11,0x11,0xEE,0xEE,0x01,0x3C,0x84,0x44,0x82
PF29F32B2ALCMG2-B0K,0x89,0xB4,0x78,0x32,0xAA,0x01,0x00,0x00,0x02,0x08,0x00,0x04,0x01,0x18,0x08,0x0E,0x17,0x80,0x00,0x00,0x01,0x01,0x00,0x48,0x00,0x06,0x0F,0x48,0x08,0x08,0x00,0x01,0x00,0x14,0x00,0xC0,0x4E,0x01,0x90,0x08,0xA0,0x48,0x00,0x11,0x11,0xEE,0xEE,0x01,0x3C,0x84,0x44,0x82
TH58TFG9T22BA4C,0x98,0x48,0x9A,0xB3,0x7E,0x71,0x00,0x00,0x01,0x08,0x00,0x02,0x01,0x33,0x08,0x0E,0x16,0x80,0x02,0x01,0x01,0x01,0x03,0xB4,0x40,0x02,0x0F,0x3C,0x08,0x04,0x00,0x01,0x00,0x14,0x00,0xC0,0x4E,0x01,0xA0,0x3D,0xA0,0x47,0x00,0x11,0x11,0xEE,0xEE,0x01,0x3C,0x84,0x44,0x82
TC58TEG6DDJTA00-128page,0x98,0xDE,0x94,0x83,0x76,0x57,0x08,0x00,0x00,0x04,0x00,0x02,0x01,0x33,0x08,0x0E,0x14,0x80,0x00,0x00,0x01,0x01,0x00,0x15,0x80,0x00,0x0F,0x2C,0x08,0x02,0x00,0x01,0x00,0x19,0x21,0x80,0x4E,0x00,0x54,0x10,0x00,0x45,0x00,0x22,0x22,0x11,0x11,0x00,0x2C,0x82,0x2C,0x82
TC58TFG8T22TA0D-Gen2-Sandisk,0x45,0x3C,0x98,0xB3,0x76,0x71,0x00,0x00,0x02,0x08,0x00,0x02,0x01,0x33,0x08,0x0E,0x14,0x80,0x00,0x00,0x01,0x01,0x03,0xB4,0x40,0x02,0x0F,0x3C,0x08,0x04,0x00,0x01,0x00,0x14,0x00,0xC0,0x4E,0x01,0x68,0x0F,0xA0,0x47,0x00,0x11,0x11,0xEE,0xEE,0x01,0x3C,0x84,0x44,0x82
TC58TFG9T22TA0D-Toggle,0x98,0x3E,0x99,0xB3,0x7A,0xF1,0x00,0x00,0x01,0x08,0x00,0x02,0x01,0x33,0x08,0x0E,0x15,0x80,0x01,0x01,0x01,0x01,0x03,0xB4,0x40,0x02,0x0F,0x3C,0x08,0x04,0x00,0x01,0x00,0x14,0x00,0xC0,0x54,0x01,0xD0,0x1E,0xA0,0x47,0x00,0x11,0x11,0xEE,0xEE,0x01,0x3C,0x84,0x44,0x82
TC58TFG9T23TA0D,0x98,0x3E,0x98,0xB3,0x76,0x72,0x00,0x00,0x02,0x08,0x00,0x02,0x01,0x33,0x08,0x0E,0x15,0x80,0x00,0x00,0x01,0x01,0x01,0xC7,0x00,0x03,0x0F,0x3C,0x08,0x04,0x00,0x01,0x00,0x13,0x00,0xC0,0x4E,0x01,0x1C,0x17,0xA0,0x47,0x00,0x11,0x11,0x11,0x11,0x01,0x3C,0x84,0x44,0x82
SDTN-SZ 15nm Test_1,0x45,0xDE,0x98,0xA2,0x72,0x51,0x00,0x00,0x02,0x08,0x00,0x01,0x01,0x33,0x08,0x0E,0x13,0x80,0x00,0x00,0x01,0x01,0x01,0x54,0x00,0x03,0x0E,0x3C,0x08,0x04,0x00,0x01,0x00,0x15,0x00,0x80,0x4E,0x01,0x54,0x05,0x00,0x24,0x00,0x11,0x11,0xEE,0xEE,0x00,0x3C,0x84,0x44,0x82
G7DDL-Sandisk,0x45,0x3A,0x95,0x93,0x7A,0x51,0x00,0x00,0x00,0x04,0x00,0x02,0x01,0x33,0x08,0x0E,0x15,0x80,0x01,0x01,0x01,0x01,0x00,0x32,0x00,0x01,0x0F,0x2C,0x08,0x02,0x00,0x01,0x00,0x15,0x21,0x80,0x4E,0x00,0xC8,0x10,0x00,0x45,0x00,0x11,0x11,0xEE,0xEE,0x00,0x2C,0x82,0x2C,0x82
29F384G08EBHBB,0x2C,0xB4,0x78,0x32,0xAA,0x05,0x00,0x00,0x02,0x08,0x00,0x04,0x01,0x18,0x08,0x0E,0x17,0x80,0x00,0x00,0x01,0x01,0x00,0x48,0x00,0x06,0x0F,0x48,0x08,0x08,0x00,0x01,0x00,0x14,0x00,0xC0,0x4E,0x01,0x90,0x08,0xA0,0x48,0x00,0x11,0x11,0xEE,0xEE,0x01,0x3C,0x84,0x44,0x82
DA8AG5LAUA,0x45,0x3C,0xA5,0x93,0x7E,0x51,0x08,0x00,0x00,0x04,0x00,0x04,0x01,0x33,0x08,0x0E,0x16,0x80,0x01,0x01,0x01,0x01,0x00,0x27,0x00,0x01,0x0F,0x2C,0x08,0x02,0x00,0x01,0x00,0x15,0x21,0x80,0x4E,0x00,0x38,0x21,0x60,0x45,0x00,0x11,0x11,0xEE,0xEE,0x00,0x2C,0x82,0x2C,0x82
29F512G08CBCBB-L06B,0x2C,0xC4,0xE5,0x32,0xAA,0x05,0x00,0x00,0x00,0x04,0x00,0x04,0x01,0x18,0x08,0x0E,0x17,0x80,0x01,0x01,0x01,0x01,0x00,0x48,0x00,0x04,0x0F,0x48,0x08,0x08,0x00,0x01,0x00,0x14,0x46,0x80,0x4E,0x00,0x20,0x11,0xA0,0x48,0x00,0x11,0x11,0xEE,0xEE,0x01,0x2C,0x82,0x2C,0x82
29F256G08CBCBB-L06B,0x2C,0xA4,0x64,0x32,0xAA,0x05,0x00,0x00,0x00,0x04,0x00,0x04,0x01,0x18,0x08,0x0E,0x16,0x80,0x00,0x00,0x01,0x01,0x00,0x48,0x00,0x04,0x0F,0x48,0x08,0x08,0x00,0x01,0x00,0x14,0x46,0x80,0x4E,0x00,0x90,0x08,0xA0,0x48,0x00,0x11,0x11,0xEE,0xEE,0x01,0x2C,0x82,0x2C,0x82
Spectek-L06B,0xB5,0xA4,0x64,0x32,0xAA,0x04,0x00,0x00,0x00,0x04,0x00,0x04,0x01,0x18,0x08,0x0E,0x16,0x80,0x00,0x00,0x01,0x01,0x00,0x48,0x00,0x04,0x0F,0x48,0x08,0x08,0x00,0x01,0x00,0x14,0x46,0x80,0x4E,0x00,0x90,0x08,0xA0,0x48,0x00,0x11,0x11,0xEE,0xEE,0x01,0x2C,0x82,0x2C,0x82
TC58TEG5DCLTA00,0x98,0xD7,0x84,0x93,0x72,0x51,0x08,0x00,0x00,0x04,0x00,0x01,0x01,0x33,0x08,0x0E,0x13,0x80,0x00,0x00,0x01,0x01,0x00,0x20,0x00,0x01,0x0F,0x2C,0x08,0x02,0x00,0x01,0x00,0x15,0x21,0x80,0x4E,0x00,0x20,0x04,0x00,0x45,0x00,0x11,0x11,0x11,0x11,0x00,0x2C,0x82,0x2C,0x82
MT29F512G08EBHAF-B17A(ENT),0x2C,0xC4,0x08,0x32,0xA6,0x00,0x00,0x00,0x04,0x08,0x00,0x04,0x00,0x18,0x08,0x0E,0x17,0x80,0x00,0x00,0x01,0x01,0x03,0xE0,0x00,0x09,0x0F,0x3C,0x08,0x04,0x00,0x01,0x00,0x14,0x00,0xC0,0x4E,0x01,0xE0,0x07,0xA0,0x48,0x00,0x11,0x11,0xEE,0xEE,0x01,0x3C,0x84,0x44,0x82
TSB_SDTNSIAMA-016G,0x98,0x4C,0x98,0xA3,0x76,0x51,0x08,0x00,0x02,0x08,0x00,0x02,0x01,0x33,0x08,0x0E,0x14,0x80,0x00,0x00,0x01,0x01,0x01,0xA6,0x80,0x01,0x0F,0x3C,0x08,0x04,0x00,0x01,0x00,0x15,0x00,0x80,0x4E,0x01,0x4C,0x0B,0xA0,0x47,0x00,0x11,0x11,0xEE,0xEE,0x00,0x3C,0x84,0x44,0x82
TSB_SDTNRIAMA-016G_1,0x98,0x4C,0xA8,0x92,0x76,0x50,0x00,0x00,0x02,0x08,0x00,0x04,0x01,0x33,0x08,0x0E,0x16,0x80,0x00,0x00,0x01,0x01,0x00,0x17,0x02,0x01,0x0E,0x3C,0x08,0x04,0x00,0x01,0x00,0x16,0x00,0x56,0x4E,0x01,0xB8,0x20,0xD0,0x23,0x00,0x11,0x11,0xEE,0xEE,0x00,0x3C,0x84,0x44,0x82
TC58TEG6TCKTA00-1Y_2P,0x98,0xDE,0x98,0x92,0x76,0x50,0x00,0x00,0x02,0x08,0x00,0x02,0x01,0x33,0x08,0x0E,0x15,0x80,0x00,0x00,0x01,0x01,0x00,0x16,0x02,0x01,0x0E,0x3C,0x08,0x04,0x00,0x01,0x00,0x16,0x00,0x56,0x4E,0x01,0x58,0x10,0xD0,0x23,0x00,0x11,0x11,0xEE,0xEE,0x00,0x3C,0x84,0x44,0x82
TSB_SDTNQCAMA ¡V 016G,0x98,0x4C,0xA8,0x92,0x76,0x57,0x0A,0x00,0x02,0x08,0x00,0x04,0x01,0x33,0x08,0x0E,0x16,0x80,0x00,0x00,0x01,0x01,0x00,0x13,0x02,0x01,0x0E,0x3C,0x08,0x04,0x00,0x01,0x00,0x19,0x00,0x56,0x4E,0x01,0x98,0x20,0x00,0x24,0x00,0x11,0x11,0xEE,0xEE,0x00,0x3C,0x84,0x44,0x82
TSB_SDTNPMAHEM-08G ,0x98,0xDE,0xA4,0x82,0x76,0xD6,0x0C,0x00,0x01,0x04,0x00,0x02,0x01,0x33,0x08,0x0E,0x15,0x80,0x00,0x00,0x01,0x01,0x00,0x11,0x00,0x01,0x0E,0x27,0x08,0x02,0x00,0x01,0x00,0x24,0x43,0x80,0x54,0x00,0x44,0x10,0x80,0x22,0x00,0x00,0x00,0xEE,0xEE,0x00,0x2C,0x82,0x2C,0x82
TSB_SDTNQCAMA ¡V 016G_Toggle,0x98,0x4C,0xA8,0x92,0x76,0xD7,0x0A,0x00,0x01,0x08,0x00,0x04,0x01,0x33,0x08,0x0E,0x16,0x80,0x00,0x00,0x01,0x01,0x00,0x13,0x02,0x01,0x0E,0x3C,0x08,0x04,0x00,0x01,0x00,0x19,0x00,0x56,0x54,0x01,0x98,0x20,0x00,0x24,0x00,0x11,0x11,0xEE,0xEE,0x00,0x3C,0x84,0x44,0x82
***TSB_24nm_16GB,0x98,0x4C,0x99,0x92,0x76,0x56,0x00,0x00,0x02,0x08,0x00,0x02,0x01,0x33,0x08,0x0E,0x15,0x80,0x01,0x01,0x01,0x01,0x00,0x12,0x00,0x01,0x0E,0x3C,0x08,0x04,0x00,0x01,0x00,0x24,0x00,0x56,0x4E,0x01,0x90,0x20,0x00,0x24,0x00,0x11,0x11,0xEE,0xEE,0x00,0x3C,0x84,0x44,0x82
***TC58NVG5D2HTA00,0x98,0xD7,0x94,0x32,0xF4,0x56,0x00,0x00,0x00,0x04,0x00,0x02,0x01,0x33,0x08,0x0E,0x14,0x80,0x00,0x00,0x01,0x01,0x00,0x05,0x80,0x00,0x0E,0x2C,0x08,0x02,0x00,0x01,0x00,0x24,0x43,0x80,0x4E,0x00,0x14,0x10,0x80,0x22,0x00,0x11,0x11,0xEE,0xEE,0x00,0x2C,0x82,0x2C,0x82
***TC58NVG8D2GTA00,0x98,0x3C,0x96,0x82,0xF4,0x56,0x00,0x00,0x00,0x04,0x00,0x02,0x01,0x33,0x08,0x0E,0x17,0x80,0x02,0x01,0x01,0x01,0x00,0x07,0x00,0x01,0x0E,0x2C,0x08,0x02,0x00,0x01,0x00,0x24,0x43,0x80,0x4E,0x00,0x70,0x40,0x80,0x22,0x00,0x11,0x11,0xEE,0xEE,0x00,0x2C,0x82,0x2C,0x82
***TC58TVG5T2HTA00,0x98,0xD7,0x98,0x92,0x72,0xD6,0x0A,0x00,0x01,0x08,0x00,0x02,0x00,0x33,0x08,0x0E,0x14,0x80,0x00,0x00,0x01,0x01,0x00,0x28,0x02,0x01,0x0E,0x3C,0x08,0x04,0x00,0x01,0x00,0x24,0x00,0x56,0x54,0x01,0x50,0x08,0x00,0x24,0x00,0x11,0x11,0xEE,0xEE,0x00,0x3C,0x84,0x44,0x82
***TC58TVG7T2HTA00,0x98,0x3A,0x99,0x92,0x76,0xD6,0x0F,0x00,0x01,0x08,0x00,0x02,0x00,0x33,0x08,0x0E,0x24,0x80,0x01,0x01,0x01,0x01,0x00,0x12,0x02,0x01,0x0E,0x3C,0x08,0x04,0x00,0x01,0x00,0x24,0x00,0x56,0x54,0x01,0x90,0x20,0x00,0x24,0x00,0x11,0x11,0xEE,0xEE,0x00,0x3C,0x84,0x44,0x82
***TSB_SDTNPACHEM-016G,0x98,0xDE,0xA1,0x32,0x7A,0xD6,0x00,0x00,0x01,0x02,0x00,0x02,0x00,0x33,0x08,0x0E,0x15,0x80,0x01,0x01,0x00,0x01,0x00,0x0F,0x80,0x00,0x0E,0x0C,0x08,0x02,0x00,0x01,0x00,0x24,0x00,0x80,0x54,0x00,0x78,0x20,0x00,0x24,0x00,0x11,0x11,0xEE,0xEE,0x00,0x2C,0x82,0x2C,0x82
***TC58NVG5T2FTA00,0x98,0xC7,0x98,0x82,0x76,0x55,0x0A,0x00,0x02,0x08,0x00,0x02,0x00,0x33,0x08,0x0E,0x14,0x80,0x00,0x00,0x01,0x01,0x00,0x2E,0x02,0x01,0x0E,0x3C,0x08,0x04,0x00,0x01,0x00,0x32,0x00,0x56,0x4E,0x01,0x5C,0x08,0x00,0x24,0x00,0x11,0x11,0xEE,0xEE,0x00,0x3C,0x84,0x44,0x82
***TC58NVG6T7FLA09,0x98,0xCE,0xA8,0x82,0x7A,0x55,0x00,0x00,0x02,0x08,0x00,0x02,0x00,0x33,0x10,0x0E,0x14,0x80,0x00,0x00,0x01,0x01,0x00,0x0F,0x02,0x01,0x0E,0x3C,0x08,0x04,0x00,0x01,0x00,0x32,0x00,0x56,0x4E,0x01,0x3C,0x10,0x00,0x24,0x00,0x11,0x11,0xEE,0xEE,0x00,0x3C,0x84,0x44,0x82
TC58NVG6T2FTA00,0x98,0xDE,0xA8,0x82,0x7A,0x55,0x00,0x00,0x02,0x08,0x00,0x04,0x01,0x33,0x08,0x0E,0x16,0x80,0x00,0x00,0x01,0x01,0x00,0x0F,0x02,0x01,0x0E,0x3C,0x08,0x04,0x00,0x01,0x00,0x32,0x00,0x56,0x4E,0x01,0x3C,0x10,0x00,0x24,0x00,0x11,0x11,0xEE,0xEE,0x00,0x3C,0x84,0x44,0x82
TC58NVG4T2FTA00,0x98,0xD5,0x88,0x82,0x72,0x55,0x00,0x00,0x02,0x08,0x00,0x01,0x01,0x33,0x08,0x0E,0x12,0x80,0x00,0x00,0x01,0x01,0x00,0x2C,0x02,0x01,0x0E,0x3C,0x08,0x04,0x00,0x01,0x00,0x32,0x00,0x56,0x4E,0x01,0x2C,0x04,0x00,0x24,0x00,0x11,0x11,0xEE,0xEE,0x00,0x3C,0x84,0x44,0x82
TH58NVG8D2FLA89,0x98,0xEE,0x95,0x32,0x7A,0x55,0x0A,0x00,0x00,0x04,0x00,0x04,0x01,0x33,0x08,0x0E,0x15,0x80,0x02,0x01,0x01,0x01,0x00,0x20,0x80,0x00,0x0E,0x1D,0x08,0x02,0x00,0x01,0x00,0x32,0x21,0x80,0x4E,0x00,0x20,0x80,0xC0,0x21,0x00,0x11,0x11,0xEE,0xEE,0x00,0x2C,0x82,0x2C,0x82
TH58NVG7D2FLA89,0x98,0xE7,0x94,0x32,0x76,0x55,0x0A,0x00,0x00,0x04,0x00,0x02,0x01,0x33,0x08,0x0E,0x14,0x80,0x00,0x00,0x01,0x01,0x00,0x01,0x80,0x00,0x0E,0x1D,0x08,0x02,0x00,0x01,0x00,0x32,0x21,0x80,0x4E,0x00,0x04,0x10,0xC0,0x21,0x00,0x11,0x11,0xEE,0xEE,0x00,0x2C,0x82,0x2C,0x82
***TC58NVG6D2FTA00,0x98,0xDE,0x94,0x82,0x76,0x56,0x00,0x00,0x00,0x04,0x00,0x02,0x01,0x33,0x08,0x0E,0x15,0x80,0x00,0x00,0x01,0x01,0x00,0x07,0x00,0x01,0x0E,0x2C,0x08,0x02,0x00,0x01,0x00,0x32,0x43,0x80,0x4E,0x00,0x1C,0x10,0x80,0x22,0x00,0x11,0x11,0x11,0x11,0x00,0x2C,0x82,0x2C,0x82
***TC58NVG3D2FTA00,0x98,0xD3,0x84,0x32,0x72,0x55,0x00,0x00,0x00,0x04,0x00,0x02,0x01,0x33,0x08,0x0E,0x12,0x80,0x00,0x00,0x01,0x01,0x00,0x0C,0x80,0x00,0x0E,0x1D,0x08,0x02,0x00,0x01,0x00,0x32,0x21,0x80,0x4E,0x00,0x0C,0x04,0xC0,0x21,0x00,0x11,0x11,0xEE,0xEE,0x00,0x2C,0x82,0x2C,0x82
TC58NVG4S2ELA48,0x98,0xD5,0x90,0x22,0x76,0x55,0x0A,0x00,0x00,0x02,0x00,0x02,0x01,0x33,0x08,0x0E,0x13,0x40,0x00,0x00,0x01,0x01,0x00,0x0D,0x40,0x00,0x0E,0x27,0x08,0x02,0x00,0x01,0x00,0x32,0x00,0x40,0x4E,0x00,0x34,0x10,0x40,0x22,0x00,0x11,0x11,0xEE,0xEE,0x00,0x2C,0x82,0x2C,0x82
***TC58NVG7T2FTA00,0x98,0x4A,0xA9,0x82,0x7E,0xD5,0x00,0x00,0x01,0x08,0x00,0x04,0x01,0x33,0x08,0x0E,0x17,0x80,0x01,0x01,0x01,0x01,0x00,0x0F,0x02,0x01,0x0E,0x3C,0x08,0x04,0x00,0x01,0x00,0x19,0x00,0x56,0x54,0x01,0x78,0x20,0x00,0x24,0x00,0x00,0x00,0xEE,0xEE,0x00,0x3C,0x84,0x44,0x82
TC58NVG6T2FTA00-Toggle,0x98,0xDE,0xA8,0x82,0x7A,0xD5,0x00,0x00,0x01,0x08,0x00,0x04,0x01,0x33,0x08,0x0E,0x16,0x80,0x00,0x00,0x01,0x01,0x00,0x0F,0x02,0x01,0x0E,0x3C,0x08,0x04,0x00,0x01,0x00,0x32,0x00,0x56,0x54,0x01,0x3C,0x10,0x00,0x24,0x00,0x11,0x11,0xEE,0xEE,0x00,0x3C,0x84,0x44,0x82
TC58NVG5T2FTA00-Toggle,0x98,0xD7,0x98,0x82,0x76,0x55,0x0A,0x00,0x01,0x08,0x00,0x02,0x00,0x33,0x08,0x0E,0x14,0x40,0x00,0x00,0x01,0x01,0x00,0x2E,0x02,0x01,0x0E,0x3C,0x08,0x04,0x00,0x01,0x00,0x32,0x00,0x56,0x54,0x01,0x5C,0x08,0x00,0x24,0x00,0x11,0x11,0xEE,0xEE,0x00,0x3C,0x84,0x44,0x82
TC58NVG5T2FD300-Toggle,0x98,0xD7,0x98,0xB2,0x76,0xD5,0x00,0x00,0x01,0x08,0x00,0x02,0x01,0x33,0x08,0x0E,0x14,0x40,0x00,0x00,0x01,0x01,0x01,0x7E,0xC0,0x00,0x0E,0x3C,0x08,0x04,0x00,0x01,0x00,0x32,0x00,0x56,0x54,0x01,0x5C,0x08,0x00,0x24,0x00,0x11,0x11,0xEE,0xEE,0x00,0x3C,0x84,0x44,0x82
***TC58NVG5T2FTA00-Toggle,0x98,0xC7,0x98,0xB2,0x76,0xD5,0x0A,0x00,0x01,0x08,0x00,0x02,0x01,0x33,0x08,0x0E,0x14,0x80,0x00,0x00,0x01,0x01,0x00,0x2E,0x02,0x01,0x0E,0x3C,0x08,0x04,0x00,0x01,0x00,0x32,0x00,0x56,0x54,0x01,0x5C,0x08,0x00,0x24,0x00,0x11,0x11,0xEE,0xEE,0x00,0x3C,0x84,0x44,0x82
***TC58NVG4T2FTA00-Toggle,0x98,0xD5,0x88,0x82,0x72,0xD5,0x00,0x00,0x01,0x08,0x00,0x01,0x01,0x33,0x08,0x0E,0x12,0x80,0x00,0x00,0x01,0x01,0x00,0x2C,0x02,0x01,0x0E,0x3C,0x08,0x04,0x00,0x01,0x00,0x32,0x00,0x56,0x54,0x01,0x2C,0x04,0x00,0x24,0x00,0x11,0x11,0xEE,0xEE,0x00,0x3C,0x84,0x44,0x82
***TC58NVG4D2FTA00-Toggle,0x98,0xD5,0x94,0x32,0x76,0xD5,0x0B,0x00,0x00,0x04,0x00,0x02,0x01,0x33,0x08,0x0E,0x14,0x80,0x00,0x00,0x01,0x01,0x00,0x0E,0x80,0x00,0x0E,0x1D,0x08,0x02,0x00,0x01,0x00,0x32,0x21,0x80,0x54,0x00,0x1C,0x08,0xC0,0x21,0x00,0x11,0x11,0xEE,0xEE,0x00,0x2C,0x82,0x2C,0x82
***TC58NVG4T2FTA00-Toggle,0x98,0xD5,0x88,0x82,0x76,0xD5,0x00,0x00,0x02,0x08,0x00,0x01,0x01,0x33,0x08,0x0E,0x12,0x80,0x00,0x00,0x01,0x01,0x00,0x2C,0x02,0x01,0x0E,0x3C,0x08,0x04,0x00,0x01,0x00,0x32,0x00,0x56,0x4E,0x01,0x2C,0x04,0x00,0x24,0x00,0x11,0x11,0xEE,0xEE,0x00,0x3C,0x84,0x44,0x82
TC58TFG8T23TA0D-BiCS3,0x98,0x48,0x9A,0xB3,0x7E,0x72,0x08,0x0E,0x02,0x08,0x00,0x02,0x01,0x33,0x08,0x0E,0x18,0x80,0x02,0x01,0x01,0x01,0x01,0xC6,0x00,0x03,0x0F,0x3C,0x08,0x04,0x00,0x01,0x00,0x13,0x00,0xC0,0x4E,0x01,0x30,0x2E,0xA0,0x47,0x00,0x11,0x11,0x11,0x11,0x01,0x3C,0x84,0x44,0x82
Sandisk_FlashTest,0x45,0x58,0x97,0x93,0x7E,0xD1,0x00,0x00,0x00,0x04,0x00,0x08,0x01,0x33,0x08,0x0E,0x15,0x80,0x02,0x00,0x01,0x01,0x00,0x27,0x00,0x01,0x0F,0x27,0x08,0x02,0x00,0x01,0x00,0x15,0x21,0x80,0x54,0x00,0x70,0x42,0x60,0x45,0x00,0x11,0x11,0xEE,0xEE,0x00,0x2C,0x82,0x2C,0x82
TH58TEG9TDKTA00-1Y-ED3-8P,0x45,0x3E,0xAB,0x92,0x7E,0x50,0x08,0x00,0x02,0x08,0x00,0x08,0x00,0x33,0x08,0x0E,0x15,0x80,0x03,0x01,0x01,0x01,0x00,0x3A,0x02,0x01,0x0E,0x3C,0x08,0x04,0x00,0x01,0x00,0x16,0x00,0x56,0x4E,0x01,0xA0,0x43,0xD0,0x23,0x00,0x11,0x11,0xEE,0xEE,0x00,0x3C,0x84,0x44,0x82
H27QEG8M2A8R-3DV4,0xAD,0x5C,0x28,0x2A,0x01,0x90,0x00,0x00,0x00,0x08,0x00,0x04,0x00,0x18,0x08,0x0E,0x16,0x80,0x00,0x00,0x01,0x01,0x00,0xF6,0xC0,0x06,0x0E,0x3C,0x08,0x04,0x00,0x01,0x00,0x14,0x00,0x80,0x4E,0x01,0xEC,0x09,0x00,0x24,0x00,0x11,0x11,0x11,0x11,0x01,0x3C,0x84,0x44,0x82
MT29F2T08EUHAF-B16,0x2C,0xC4,0x89,0x32,0xA1,0x00,0x00,0x00,0x02,0x08,0x00,0x02,0x01,0x18,0x08,0x0E,0x17,0x80,0x01,0x01,0x01,0x01,0x01,0xF0,0x00,0x09,0x0F,0x3C,0x08,0x04,0x00,0x01,0x00,0x14,0x00,0xC0,0x4E,0x01,0xE0,0x07,0xA0,0x48,0x00,0x11,0x11,0xEE,0xEE,0x01,0x3C,0x84,0x44,0x82
TH58NVG3S0HTA00,0x98,0xD3,0x91,0x26,0x76,0x16,0x00,0x00,0x00,0x02,0x00,0x01,0x00,0x33,0x08,0x0D,0x12,0x40,0x00,0x00,0x00,0x00,0x00,0x00,0x40,0x00,0x0D,0x0C,0x08,0x02,0x00,0x01,0x00,0x32,0x00,0x40,0x4E,0x00,0x00,0x10,0x00,0x11,0x00,0x11,0x11,0xEE,0xEE,0x00,0x2C,0x82,0x2C,0x82
TT17G5PAIV-7T23,0x98,0x3A,0x98,0xB3,0x76,0x72,0x00,0x00,0x02,0x08,0x00,0x02,0x01,0x33,0x08,0x0E,0x13,0x80,0x00,0x00,0x01,0x01,0x01,0xEC,0x00,0x03,0x0F,0x3C,0x08,0x04,0x00,0x01,0x00,0x13,0x00,0xC0,0x4E,0x01,0xEC,0x05,0xA0,0x47,0x00,0x11,0x11,0x11,0x11,0x01,0x3C,0x84,0x44,0x82
***TC58TEF6DDK-2Die,0x98,0xDE,0x85,0x93,0x76,0x50,0x00,0x00,0x00,0x04,0x00,0x01,0x01,0x33,0x08,0x0E,0x14,0x80,0x01,0x00,0x01,0x01,0x00,0x2A,0x00,0x01,0x0F,0x2C,0x08,0x02,0x00,0x01,0x00,0x16,0x21,0x80,0x4E,0x00,0x54,0x08,0x00,0x45,0x00,0x11,0x11,0x11,0x11,0x00,0x2C,0x82,0x2C,0x82
***Intel-B16,0x89,0xA4,0x08,0x32,0xA1,0x00,0x00,0x00,0x02,0x08,0x00,0x02,0x01,0x18,0x08,0x0E,0x16,0x80,0x00,0x00,0x01,0x01,0x01,0xF0,0x00,0x09,0x0F,0x3C,0x08,0x04,0x00,0x01,0x00,0x14,0x00,0xC0,0x4E,0x01,0xF0,0x03,0xA0,0x48,0x00,0x11,0x11,0xEE,0xEE,0x01,0x3C,0x84,0x44,0x82
SanDisk-Gen2-1V8,0x45,0x3C,0x98,0xB3,0x76,0x79,0x0B,0x00,0x02,0x08,0x00,0x02,0x01,0x18,0x08,0x0E,0x14,0x80,0x00,0x00,0x01,0x01,0x03,0xB4,0x40,0x02,0x0F,0x3C,0x08,0x04,0x00,0x01,0x00,0x14,0x00,0xC0,0x4E,0x01,0x68,0x0F,0xA0,0x47,0x00,0x11,0x11,0xEE,0xEE,0x01,0x3C,0x84,0x44,0x82
Sandisk-Gen3,0x45,0x3C,0x98,0xB3,0x76,0x72,0x00,0x00,0x02,0x08,0x00,0x02,0x01,0x33,0x08,0x0E,0x14,0x80,0x00,0x00,0x01,0x01,0x01,0xC6,0x00,0x03,0x0F,0x3C,0x08,0x04,0x00,0x01,0x00,0x13,0x00,0xC0,0x4E,0x01,0x8C,0x0B,0xA0,0x47,0x00,0x11,0x11,0xEE,0xEE,0x01,0x3C,0x84,0x44,0x82
TC58TFG8T23TA0D-BiCS3-Toggle,0x98,0x3E,0x99,0xB3,0x7A,0xF2,0x08,0x0E,0x02,0x08,0x00,0x02,0x01,0x33,0x08,0x0E,0x15,0x80,0x01,0x01,0x01,0x01,0x01,0xC6,0x00,0x03,0x0F,0x3C,0x08,0x04,0x00,0x01,0x00,0x13,0x00,0xC0,0x54,0x01,0x18,0x17,0xA0,0x47,0x00,0x11,0x11,0xEE,0xEE,0x01,0x3C,0x84,0x44,0x82
SDTNSGAMA-008G,0x45,0xDE,0x94,0x93,0x76,0x51,0x00,0x00,0x00,0x04,0x00,0x02,0x01,0x33,0x08,0x0E,0x14,0x80,0x00,0x00,0x01,0x01,0x00,0x32,0x00,0x01,0x0F,0x2C,0x08,0x02,0x00,0x01,0x00,0x15,0x21,0x80,0x4E,0x00,0x64,0x08,0x00,0x45,0x00,0x11,0x11,0x11,0x11,0x00,0x2C,0x82,0x2C,0x82
SDTNSIAMA-016G_01,0x45,0x3A,0x98,0xA3,0x76,0x51,0x00,0x00,0x02,0x08,0x00,0x02,0x01,0x33,0x08,0x0E,0x14,0x80,0x00,0x00,0x01,0x01,0x01,0xA6,0x80,0x01,0x0F,0x3C,0x08,0x04,0x00,0x01,0x00,0x15,0x00,0x80,0x4E,0x01,0x4C,0x0B,0xA0,0x47,0x00,0x11,0x11,0x11,0x11,0x00,0x3C,0x84,0x44,0x82
SDYNBIAMA-064G,0x45,0x3E,0x98,0xB3,0x76,0x72,0x00,0x00,0x02,0x08,0x00,0x02,0x01,0x33,0x08,0x0E,0x15,0x80,0x00,0x00,0x01,0x01,0x01,0xC7,0x00,0x03,0x0F,0x3C,0x08,0x04,0x00,0x01,0x00,0x13,0x00,0xC0,0x4E,0x01,0x1C,0x17,0xA0,0x47,0x00,0x11,0x11,0xEE,0xEE,0x01,0x3C,0x84,0x44,0x82
***Speteck-B16,0xB5,0xA4,0x08,0x32,0xA1,0x00,0x00,0x00,0x02,0x08,0x00,0x02,0x01,0x18,0x08,0x0E,0x16,0x80,0x00,0x00,0x01,0x01,0x01,0xF0,0x00,0x09,0x0F,0x3C,0x08,0x04,0x00,0x01,0x00,0x14,0x00,0xC0,0x4E,0x01,0xF0,0x03,0xA0,0x48,0x00,0x11,0x11,0xEE,0xEE,0x01,0x3C,0x84,0x44,0x82
***SDTNQCAMA-016G,0x45,0x4C,0xA8,0x92,0x76,0x58,0x08,0x00,0x02,0x08,0x00,0x04,0x01,0x33,0x08,0x0E,0x16,0x80,0x00,0x00,0x01,0x01,0x00,0x13,0x02,0x01,0x0E,0x3C,0x08,0x04,0x00,0x01,0x00,0x19,0x00,0x56,0x4E,0x01,0x98,0x20,0x00,0x24,0x00,0x11,0x11,0xEE,0xEE,0x00,0x3C,0x84,0x44,0x82
***BiCS3 pMLC-170Gb-test,0x98,0x35,0x98,0xB3,0x76,0x72,0x00,0x00,0x02,0x08,0x00,0x02,0x01,0x33,0x08,0x0E,0x14,0x80,0x00,0x00,0x01,0x01,0x01,0xC6,0x00,0x03,0x0F,0x3C,0x08,0x04,0x00,0x01,0x00,0x13,0x00,0xC0,0x4E,0x01,0x8C,0x0B,0xA0,0x47,0x00,0x11,0x11,0x11,0x11,0x01,0x3C,0x84,0x44,0x82
TC58TFG9T23TA0D-Toggle,0x98,0x3E,0x98,0xB3,0x76,0xF2,0x00,0x00,0x02,0x08,0x00,0x02,0x01,0x33,0x08,0x0E,0x15,0x80,0x00,0x00,0x01,0x01,0x01,0xC7,0x00,0x03,0x0F,0x3C,0x08,0x04,0x00,0x01,0x00,0x13,0x00,0xC0,0x54,0x01,0x1C,0x17,0xA0,0x47,0x00,0x11,0x11,0xEE,0xEE,0x01,0x3C,0x84,0x44,0x82
Sandisk 15nm MLC 256GB-Toggle,0x45,0x3E,0xA6,0x93,0x7E,0xD1,0x08,0x00,0x00,0x04,0x00,0x04,0x01,0x33,0x08,0x0E,0x17,0x80,0x02,0x01,0x01,0x01,0x00,0x27,0x00,0x01,0x0F,0x2C,0x08,0x02,0x00,0x01,0x00,0x15,0x21,0x80,0x54,0x00,0x70,0x42,0x60,0x45,0x00,0x11,0x11,0xEE,0xEE,0x00,0x2C,0x82,0x2C,0x82
SanDisk-Gen3,0x45,0x3A,0x98,0xB3,0x76,0x72,0x00,0x00,0x02,0x08,0x00,0x02,0x01,0x33,0x08,0x0E,0x13,0x80,0x00,0x00,0x01,0x01,0x01,0xEC,0x00,0x03,0x0F,0x3C,0x08,0x04,0x00,0x01,0x00,0x13,0x00,0xC0,0x4E,0x01,0xEC,0x05,0xA0,0x47,0x00,0x11,0x11,0xEE,0xEE,0x01,0x3C,0x84,0x44,0x82
***Toshiba-Gen4-2-Toggle,0x98,0x3C,0x98,0x9B,0xF7,0xEB,0x00,0x00,0x02,0x08,0x00,0x02,0x01,0x18,0x08,0x0E,0x14,0x80,0x00,0x00,0x01,0x01,0x03,0xBC,0x80,0x04,0x0F,0x3C,0x08,0x04,0x00,0x01,0x00,0x13,0x00,0xC0,0x54,0x01,0xBC,0x07,0xA0,0x47,0x00,0x11,0x11,0xEE,0xEE,0x01,0x3C,0x84,0x44,0x82
***Toshiba-Gen4-1-Toggle,0x98,0x3C,0x98,0xB3,0x76,0xEB,0x00,0x00,0x02,0x08,0x00,0x02,0x01,0x18,0x08,0x0E,0x14,0x80,0x00,0x00,0x01,0x01,0x03,0xBC,0x80,0x04,0x0F,0x3C,0x08,0x04,0x00,0x01,0x00,0x13,0x00,0xC0,0x54,0x01,0xBC,0x07,0xA0,0x47,0x00,0x11,0x11,0xEE,0xEE,0x01,0x3C,0x84,0x44,0x82
***Toshiba-Gen4-Toggle,0x98,0x3C,0x98,0xB3,0x76,0xE3,0x00,0x00,0x02,0x08,0x00,0x02,0x01,0x18,0x08,0x0E,0x14,0x80,0x00,0x00,0x01,0x01,0x03,0xBC,0x80,0x04,0x0F,0x3C,0x08,0x04,0x00,0x01,0x00,0x13,0x00,0xC0,0x54,0x01,0xBC,0x07,0xA0,0x47,0x00,0x11,0x11,0xEE,0xEE,0x01,0x3C,0x84,0x44,0x82
***Toshiba-Gen4,0x98,0x3C,0x98,0xB3,0x76,0x63,0x00,0x00,0x02,0x08,0x00,0x02,0x01,0x18,0x08,0x0E,0x14,0x80,0x00,0x00,0x01,0x01,0x03,0xBC,0x80,0x04,0x0F,0x3C,0x08,0x04,0x00,0x01,0x00,0x13,0x00,0xC0,0x4E,0x01,0xBC,0x07,0xA0,0x47,0x00,0x11,0x11,0xEE,0xEE,0x01,0x3C,0x84,0x44,0x82
***K9GDGD8X0B,0xEC,0x3A,0x94,0x43,0xA4,0xCA,0x00,0x00,0x02,0x04,0x00,0x02,0x00,0x33,0x08,0x0E,0x15,0x80,0x00,0x00,0x01,0x01,0x00,0x97,0x2C,0x01,0x0F,0x30,0x08,0x02,0x00,0x01,0x00,0x14,0x49,0x98,0x54,0x00,0xC6,0x0D,0x00,0x46,0x00,0x00,0x00,0xEE,0xEE,0x00,0x2C,0x82,0x2C,0x82
***YMN06MB1B1AC1A-8GBytes,0x9B,0x49,0x01,0x00,0x9B,0x49,0x01,0x00,0x00,0x04,0x00,0x01,0x01,0x33,0x08,0x0E,0x14,0x80,0x00,0x00,0x01,0x01,0x00,0x30,0x00,0x01,0x0F,0x48,0x08,0x08,0x00,0x01,0x00,0x14,0x4A,0x80,0x4E,0x00,0x60,0x08,0xA0,0x48,0x00,0x11,0x11,0xEE,0xEE,0x01,0x2C,0x82,0x2C,0x82
***MT29F1T08GBCAG-N18A,0x2C,0xD4,0x0C,0x32,0xAA,0x00,0x00,0x00,0x00,0x10,0x00,0x04,0x01,0x18,0x08,0x0E,0x18,0x80,0x00,0x00,0x01,0x01,0x01,0xC0,0x00,0x0C,0x0F,0x48,0x08,0x08,0x00,0x01,0x00,0x13,0x00,0x00,0x4E,0x01,0x80,0x0B,0xA0,0x48,0x00,0x11,0x11,0xEE,0xEE,0x01,0x3C,0x84,0x44,0x82
***Toshiba-Gen4-BiCS4,0x98,0x3E,0x98,0xB3,0x76,0x63,0x00,0x00,0x02,0x08,0x00,0x02,0x01,0x18,0x08,0x0E,0x15,0x80,0x00,0x00,0x01,0x01,0x03,0xA6,0x80,0x04,0x0F,0x3C,0x08,0x04,0x00,0x01,0x00,0x13,0x00,0xC0,0x4E,0x01,0x4C,0x0F,0xA0,0x47,0x00,0x11,0x11,0x11,0x11,0x01,0x3C,0x84,0x44,0x82
***Toshiba-Gen4-BiCS4-Toggle,0x98,0x3E,0x98,0xB3,0x76,0xE3,0x00,0x00,0x02,0x08,0x00,0x02,0x01,0x18,0x08,0x0E,0x15,0x80,0x00,0x00,0x01,0x01,0x03,0xA6,0x80,0x04,0x0F,0x3C,0x08,0x04,0x00,0x01,0x00,0x13,0x00,0xC0,0x54,0x01,0x4C,0x0F,0xA0,0x47,0x00,0x11,0x11,0xEE,0xEE,0x01,0x3C,0x84,0x44,0x82
***Toshiba-Gen4-1-Toggle,0x98,0x3C,0x98,0xB3,0x76,0x6B,0x00,0x00,0x02,0x08,0x00,0x02,0x01,0x18,0x08,0x0E,0x14,0x80,0x00,0x00,0x01,0x01,0x03,0xBC,0x80,0x04,0x0F,0x3C,0x08,0x04,0x00,0x01,0x00,0x13,0x00,0xC0,0x4E,0x01,0xBC,0x07,0xA0,0x47,0x00,0x11,0x11,0xEE,0xEE,0x01,0x3C,0x84,0x44,0x82
***B0K1_96GB_2Dies,0x2C,0xCC,0xF9,0x32,0xAA,0x05,0x00,0x00,0x02,0x08,0x00,0x04,0x01,0x18,0x08,0x0E,0x18,0x80,0x01,0x00,0x01,0x01,0x00,0x48,0x00,0x06,0x0F,0x48,0x08,0x08,0x00,0x01,0x00,0x14,0x00,0xC0,0x4E,0x01,0x20,0x11,0xA0,0x48,0x00,0x11,0x11,0xEE,0xEE,0x01,0x3C,0x84,0x44,0x82
***B0K2,0x2C,0xCC,0xF9,0x32,0xAA,0x04,0x00,0x00,0x02,0x08,0x00,0x04,0x01,0x18,0x08,0x0E,0x17,0x80,0x00,0x00,0x01,0x01,0x00,0x48,0x00,0x06,0x0F,0x48,0x08,0x08,0x00,0x01,0x00,0x14,0x00,0xC0,0x4E,0x01,0x90,0x08,0xA0,0x48,0x00,0x11,0x11,0xEE,0xEE,0x01,0x3C,0x84,0x44,0x82
***SanDisk A19 TLC-8plane,0x45,0x3C,0xAA,0x92,0x7E,0x50,0x00,0x00,0x02,0x08,0x00,0x04,0x00,0x33,0x08,0x0E,0x15,0x80,0x02,0x01,0x01,0x01,0x00,0x3A,0x02,0x01,0x0E,0x3C,0x08,0x04,0x00,0x01,0x00,0x16,0x00,0x56,0x4E,0x01,0xD0,0x21,0xD0,0x23,0x00,0x11,0x11,0xEE,0xEE,0x00,0x3C,0x84,0x44,0x82
MT29F128G08CBCEB(L05B),0x2C,0x84,0x44,0x32,0xAA,0x04,0x00,0x00,0x00,0x04,0x00,0x04,0x01,0x18,0x08,0x0E,0x15,0x80,0x00,0x00,0x01,0x01,0x00,0x48,0x00,0x02,0x0F,0x48,0x08,0x08,0x00,0x01,0x00,0x14,0x48,0x80,0x4E,0x00,0x90,0x08,0xA0,0x48,0x00,0x11,0x11,0xEE,0xEE,0x01,0x2C,0x82,0x2C,0x82
***Toshiba-Gen3-4Plane-2Die,0x98,0x3C,0x99,0xB3,0x7A,0x72,0x00,0x00,0x02,0x08,0x00,0x02,0x01,0x33,0x08,0x0E,0x14,0x80,0x01,0x01,0x01,0x01,0x01,0xEC,0x00,0x03,0x0F,0x3C,0x08,0x04,0x00,0x01,0x00,0x13,0x00,0xC0,0x4E,0x01,0xD8,0x0B,0xA0,0x47,0x00,0x11,0x11,0x11,0x11,0x01,0x3C,0x84,0x44,0x82
***Toshiba-Gen3-4Plane-2Die-T,0x98,0x3C,0x99,0xB3,0x7A,0xF2,0x00,0x00,0x02,0x08,0x00,0x02,0x01,0x33,0x08,0x0E,0x14,0x80,0x01,0x01,0x01,0x01,0x01,0xEC,0x00,0x03,0x0F,0x3C,0x08,0x04,0x00,0x01,0x00,0x13,0x00,0xC0,0x54,0x01,0xD8,0x0B,0xA0,0x47,0x00,0x11,0x11,0x11,0x11,0x01,0x3C,0x84,0x44,0x82
PF29F64B2ALCTH1-B17A(ENT),0x89,0xC4,0x08,0x32,0xA6,0x00,0x00,0x00,0x04,0x08,0x00,0x04,0x00,0x18,0x08,0x0E,0x17,0x80,0x00,0x00,0x01,0x01,0x03,0xE0,0x00,0x09,0x0F,0x3C,0x08,0x04,0x00,0x01,0x00,0x14,0x00,0xC0,0x4E,0x01,0xE0,0x07,0xA0,0x48,0x00,0x11,0x11,0xEE,0xEE,0x01,0x3C,0x84,0x44,0x82
JS29F32G08AAMD1,0x89,0xD7,0x94,0x3E,0x84,0x00,0x00,0x00,0x04,0x04,0x00,0x02,0x00,0x33,0x08,0x0E,0x14,0x80,0x00,0x00,0x00,0x00,0x00,0x00,0x80,0x00,0x0D,0x19,0x08,0x02,0x00,0x01,0x00,0x34,0x44,0x80,0x4E,0x00,0x00,0x20,0xDA,0x10,0x00,0x11,0x11,0xEE,0xEE,0x00,0x2C,0x82,0x2C,0x82
MT29F32G08CBAAA,0x2C,0xD7,0x94,0x3E,0x84,0x00,0x00,0x00,0x04,0x04,0x00,0x02,0x00,0x33,0x08,0x0E,0x14,0x80,0x00,0x00,0x00,0x00,0x00,0x00,0x80,0x00,0x0D,0x19,0x08,0x02,0x00,0x01,0x00,0x34,0x44,0x80,0x4E,0x00,0x00,0x20,0xDA,0x10,0x00,0x11,0x11,0xEE,0xEE,0x00,0x2C,0x82,0x2C,0x82
H25QFT8A1A8R-3DV4,0xAD,0x5E,0x28,0x22,0x10,0x90,0x00,0x00,0x00,0x08,0x00,0x04,0x00,0x18,0x08,0x0E,0x17,0x80,0x00,0x00,0x01,0x01,0x00,0xF8,0xC0,0x06,0x0E,0x3C,0x08,0x04,0x00,0x01,0x00,0x14,0x00,0x80,0x4E,0x01,0xE0,0x13,0x00,0x24,0x00,0x11,0x11,0xEE,0xEE,0x01,0x3C,0x84,0x44,0x82
H27Q2T8QQA3R,0xAD,0x5C,0x29,0x2A,0x01,0x90,0x00,0x00,0x00,0x08,0x00,0x04,0x00,0x33,0x08,0x0E,0x18,0x80,0x01,0x01,0x01,0x01,0x00,0xF6,0xC0,0x06,0x0E,0x3C,0x08,0x04,0x00,0x01,0x00,0x14,0x00,0x80,0x4E,0x01,0xD8,0x13,0x00,0x24,0x00,0x11,0x11,0xEE,0xEE,0x01,0x3C,0x84,0x44,0x82
MT29F128G08CBCEB(L05B),0x2C,0x84,0x44,0x34,0xAA,0x00,0x00,0x00,0x00,0x04,0x00,0x04,0x01,0x18,0x08,0x0E,0x15,0x80,0x00,0x00,0x01,0x01,0x00,0x48,0x00,0x02,0x0F,0x48,0x08,0x08,0x00,0x01,0x00,0x14,0x48,0x80,0x4E,0x00,0x90,0x08,0xA0,0x48,0x00,0x11,0x11,0xEE,0xEE,0x01,0x2C,0x82,0x2C,0x82
***TC58NVG1S3HTA00,0x98,0xDA,0x90,0x15,0x76,0x16,0x00,0x00,0x00,0x02,0x00,0x02,0x00,0x33,0x08,0x0C,0x11,0x40,0x00,0x00,0x00,0x00,0x00,0x00,0x40,0x00,0x0C,0x0C,0x08,0x02,0x00,0x01,0x00,0x24,0x00,0x40,0x4E,0x00,0x00,0x08,0x80,0x08,0x00,0x11,0x11,0xEE,0xEE,0x00,0x2C,0x82,0x2C,0x82
***H27Q1T8YEB9R,0xAD,0x3C,0x15,0xAB,0x44,0x4A,0x00,0x00,0x00,0x04,0x00,0x02,0x00,0x33,0x08,0x0E,0x15,0x80,0x01,0x01,0x01,0x01,0x00,0x24,0x00,0x01,0x0F,0x2C,0x08,0x02,0x00,0x01,0x00,0x16,0x21,0x80,0x4E,0x00,0x58,0x10,0x80,0x46,0x00,0x11,0x11,0xEE,0xEE,0x00,0x2C,0x82,0x2C,0x82
TH58TGT3V23BB8N-BiCS3-1T,0x98,0x49,0x9A,0xB3,0x7E,0xF2,0x08,0x0E,0x02,0x08,0x00,0x02,0x01,0x33,0x08,0x0E,0x18,0x80,0x02,0x01,0x01,0x01,0x00,0x60,0x00,0x03,0x0F,0x3C,0x08,0x04,0x00,0x01,0x00,0x13,0x00,0xC0,0x54,0x01,0x70,0x5C,0xA0,0x47,0x00,0x11,0x11,0x11,0x11,0x01,0x3C,0x84,0x44,0x82
E2NAND-8GB,0xAD,0x82,0x60,0x24,0x21,0x02,0x00,0x00,0x00,0x04,0x00,0x01,0x00,0x33,0x08,0x0E,0x14,0x80,0x01,0x01,0x01,0x01,0x00,0x24,0x00,0x01,0x0F,0x00,0x08,0x02,0x00,0x01,0x00,0x16,0x00,0x80,0x4E,0x00,0x48,0x08,0x40,0x40,0x00,0x11,0x11,0xEE,0xEE,0x00,0x2C,0x82,0x2C,0x82
TH58NVG7H2HTA20,0x98,0xDE,0xA1,0x32,0x7A,0x56,0x00,0x00,0x01,0x02,0x00,0x02,0x00,0x33,0x08,0x0E,0x15,0x80,0x01,0x01,0x00,0x01,0x00,0x0F,0x80,0x00,0x0E,0x0C,0x08,0x02,0x00,0x01,0x00,0x24,0x00,0x80,0x4E,0x00,0x78,0x20,0x00,0x24,0x00,0x11,0x11,0xEE,0xEE,0x00,0x2C,0x82,0x2C,0x82
TH58TFT2T23BA8J-BiCS3-Toggle,0x98,0x48,0x99,0xB3,0x7A,0xF2,0x08,0x0E,0x02,0x08,0x00,0x02,0x01,0x33,0x08,0x0E,0x16,0x80,0x01,0x01,0x01,0x01,0x01,0xC7,0x00,0x03,0x0F,0x3C,0x08,0x04,0x00,0x01,0x00,0x13,0x00,0xC0,0x54,0x01,0x38,0x2E,0xA0,0x47,0x00,0x11,0x11,0xEE,0xEE,0x01,0x3C,0x84,0x44,0x82
***B17-4Tb-1CE2DIES,0x89,0xD4,0x89,0x32,0xA6,0x00,0x00,0x00,0x04,0x08,0x00,0x04,0x00,0x18,0x08,0x0E,0x18,0x80,0x01,0x00,0x01,0x01,0x03,0xE0,0x00,0x09,0x0F,0x3C,0x08,0x04,0x00,0x01,0x00,0x14,0x00,0xC0,0x4E,0x01,0xC0,0x0F,0xA0,0x48,0x00,0x11,0x11,0xEE,0xEE,0x01,0x3C,0x84,0x44,0x82
SDTNSGCMC-TGL,0x45,0x3A,0x94,0x93,0x76,0xD1,0x00,0x00,0x01,0x04,0x00,0x02,0x01,0x33,0x08,0x0E,0x15,0x80,0x00,0x00,0x01,0x01,0x00,0x1D,0x00,0x01,0x0F,0x27,0x08,0x02,0x00,0x01,0x00,0x15,0x21,0x80,0x54,0x00,0x74,0x10,0x00,0x45,0x00,0x11,0x11,0xEE,0xEE,0x00,0x2C,0x82,0x2C,0x82
SDTNRHCMC-TGL,0x45,0x3A,0xA4,0x93,0x7A,0xD0,0x00,0x00,0x01,0x04,0x00,0x04,0x01,0x33,0x08,0x0E,0x15,0x80,0x00,0x00,0x01,0x01,0x00,0x2D,0x00,0x01,0x0F,0x27,0x08,0x02,0x00,0x01,0x00,0x16,0x21,0x80,0x54,0x00,0xB4,0x10,0x00,0x45,0x00,0x00,0x00,0xEE,0xEE,0x00,0x2C,0x82,0x2C,0x82
***TC58TEF6DDK-2Die-15nm,0x98,0xDE,0x85,0x93,0x76,0x51,0x00,0x00,0x00,0x04,0x00,0x01,0x01,0x33,0x08,0x0E,0x14,0x80,0x01,0x01,0x01,0x01,0x00,0x2A,0x00,0x01,0x0F,0x2C,0x08,0x02,0x00,0x01,0x00,0x15,0x21,0x80,0x4E,0x00,0x54,0x08,0x00,0x45,0x00,0x11,0x11,0x11,0x11,0x00,0x2C,0x82,0x2C,0x82
TC58TFG8T23TA0D-Gen3,0x98,0x3C,0x98,0xB3,0x76,0x72,0x08,0x00,0x02,0x08,0x00,0x02,0x01,0x33,0x08,0x0E,0x14,0x80,0x00,0x00,0x01,0x01,0x01,0xC6,0x00,0x03,0x0F,0x3C,0x08,0x04,0x00,0x01,0x00,0x13,0x00,0xC0,0x4E,0x01,0x8C,0x0B,0xA0,0x47,0x00,0x11,0x11,0x11,0x11,0x01,0x3C,0x84,0x44,0x82
SDTNSIDMA-128G,0x45,0x48,0x9B,0xA3,0x7E,0x51,0x00,0x00,0x02,0x08,0x00,0x04,0x01,0x33,0x08,0x0E,0x17,0x80,0x03,0x01,0x01,0x01,0x01,0xA6,0x80,0x01,0x0F,0x3C,0x08,0x04,0x00,0x01,0x00,0x15,0x00,0x80,0x4E,0x01,0x60,0x5A,0xA0,0x47,0x00,0x11,0x11,0xEE,0xEE,0x00,0x3C,0x84,0x44,0x82
***Hynix-TLC-2Dies,0xAD,0x3C,0x19,0xA3,0x62,0x25,0x00,0x00,0x02,0x08,0x00,0x02,0x00,0x33,0x08,0x0E,0x17,0x80,0x01,0x01,0x01,0x01,0x00,0x1E,0x02,0x01,0x0F,0x3C,0x08,0x04,0x00,0x01,0x00,0x16,0x00,0x56,0x4E,0x01,0xF0,0x20,0x00,0x48,0x00,0x11,0x11,0xEE,0xEE,0x00,0x3C,0x84,0x44,0x82
DP8AG5LAPA Toggle,0x45,0x3C,0xA5,0x93,0x7E,0xD0,0x00,0x00,0x01,0x04,0x00,0x04,0x01,0x33,0x08,0x0E,0x16,0x80,0x01,0x01,0x01,0x01,0x00,0x2D,0x00,0x01,0x0F,0x27,0x08,0x02,0x00,0x01,0x00,0x16,0x21,0x80,0x54,0x00,0x68,0x21,0x00,0x45,0x00,0x00,0x00,0xEE,0xEE,0x00,0x2C,0x82,0x2C,0x82
MT29F512G08EBHBF_B27A,0x2C,0xC4,0x08,0x32,0xA2,0x00,0x00,0x00,0x04,0x08,0x00,0x04,0x01,0x18,0x08,0x0E,0x17,0x80,0x00,0x00,0x00,0x00,0x00,0x00,0x40,0x14,0x0F,0x48,0x08,0x08,0x00,0x01,0x00,0x13,0x00,0xC0,0x4E,0x01,0xB0,0x03,0xA0,0x48,0x00,0x11,0x11,0xEE,0xEE,0x01,0x3C,0x84,0x44,0x82
TH58TFG9T22BA4C-Toggle,0x98,0x48,0x9A,0xB3,0x7E,0xF1,0x00,0x00,0x01,0x08,0x00,0x02,0x01,0x33,0x08,0x0E,0x16,0x80,0x02,0x01,0x01,0x01,0x03,0xB4,0x40,0x02,0x0F,0x3C,0x08,0x04,0x00,0x01,0x00,0x14,0x00,0xC0,0x54,0x01,0xA0,0x3D,0xA0,0x47,0x00,0x11,0x11,0xEE,0xEE,0x01,0x3C,0x84,0x44,0x82
SanDisk-64GB-BiCS3,0x45,0x3E,0x99,0xB3,0x7A,0x72,0x08,0x0E,0x02,0x08,0x00,0x02,0x01,0x33,0x08,0x0E,0x15,0x80,0x01,0x01,0x01,0x01,0x01,0xC6,0x00,0x03,0x0F,0x3C,0x08,0x04,0x00,0x01,0x00,0x13,0x00,0xC0,0x4E,0x01,0x18,0x17,0xA0,0x47,0x00,0x11,0x11,0x11,0x11,0x01,0x3C,0x84,0x44,0x82
SanDisk-64GB-BiCS3-Toggle,0x45,0x3E,0x99,0xB3,0x7A,0xF2,0x08,0x0E,0x02,0x08,0x00,0x02,0x01,0x33,0x08,0x0E,0x15,0x80,0x01,0x01,0x01,0x01,0x01,0xC6,0x00,0x03,0x0F,0x3C,0x08,0x04,0x00,0x01,0x00,0x13,0x00,0xC0,0x54,0x01,0x18,0x17,0xA0,0x47,0x00,0x11,0x11,0xEE,0xEE,0x01,0x3C,0x84,0x44,0x82
SanDisk-9DDL,0x45,0x3E,0x96,0x93,0x7E,0x51,0x08,0x00,0x00,0x04,0x00,0x02,0x01,0x33,0x08,0x0E,0x17,0x80,0x02,0x01,0x01,0x01,0x00,0x1D,0x00,0x01,0x0F,0x2C,0x08,0x02,0x00,0x01,0x00,0x15,0x21,0x80,0x4E,0x00,0xD0,0x41,0x00,0x45,0x00,0x11,0x11,0xEE,0xEE,0x00,0x2C,0x82,0x2C,0x82
SanDisk-9DDL-Toggle,0x45,0x3E,0x96,0x93,0x7E,0xD1,0x08,0x00,0x00,0x04,0x00,0x02,0x01,0x33,0x08,0x0E,0x17,0x80,0x02,0x01,0x01,0x01,0x00,0x1D,0x00,0x01,0x0F,0x2C,0x08,0x02,0x00,0x01,0x00,0x15,0x21,0x80,0x54,0x00,0xD0,0x41,0x00,0x45,0x00,0x11,0x11,0xEE,0xEE,0x00,0x2C,0x82,0x2C,0x82
SanDisk-9TDL-Toggle,0x45,0x3E,0x9A,0xA3,0x7E,0xD1,0x00,0x00,0x01,0x08,0x00,0x02,0x01,0x33,0x08,0x0E,0x16,0x80,0x02,0x02,0x01,0x01,0x01,0xA6,0x80,0x01,0x0F,0x3C,0x08,0x04,0x00,0x01,0x00,0x15,0x00,0x80,0x54,0x01,0x30,0x2D,0xA0,0x47,0x00,0x11,0x11,0xEE,0xEE,0x00,0x3C,0x84,0x44,0x82
SanDisk-9TDL,0x45,0x3E,0x9A,0xA3,0x7E,0x51,0x00,0x00,0x02,0x08,0x00,0x02,0x01,0x33,0x08,0x0E,0x16,0x80,0x02,0x02,0x01,0x01,0x01,0xA6,0x80,0x01,0x0F,0x3C,0x08,0x04,0x00,0x01,0x00,0x15,0x00,0x80,0x4E,0x01,0x30,0x2D,0xA0,0x47,0x00,0x11,0x11,0xEE,0xEE,0x00,0x3C,0x84,0x44,0x82
SDTNSIAMA-016G-Toggle,0x45,0x4C,0x98,0xA3,0x76,0xD1,0x00,0x00,0x02,0x08,0x00,0x02,0x01,0x33,0x08,0x0E,0x14,0x80,0x00,0x00,0x01,0x01,0x01,0xA6,0x80,0x01,0x0F,0x3C,0x08,0x04,0x00,0x01,0x00,0x15,0x00,0x80,0x54,0x01,0x4C,0x0B,0xA0,0x47,0x00,0x11,0x11,0xEE,0xEE,0x00,0x3C,0x84,0x44,0x82
SanDisk-8DDL-TGL,0x45,0x3C,0x95,0x93,0x7A,0xD1,0x08,0x00,0x01,0x04,0x00,0x02,0x01,0x33,0x08,0x0E,0x16,0x80,0x01,0x01,0x01,0x01,0x00,0x1D,0x00,0x01,0x0F,0x27,0x08,0x02,0x00,0x01,0x00,0x15,0x21,0x80,0x54,0x00,0xE8,0x20,0x00,0x45,0x00,0x11,0x11,0xEE,0xEE,0x00,0x2C,0x82,0x2C,0x82
SanDisk-8DDL,0x45,0x3C,0x95,0x93,0x7A,0x51,0x08,0x00,0x00,0x04,0x00,0x02,0x01,0x33,0x08,0x0E,0x16,0x80,0x01,0x01,0x01,0x01,0x00,0x1D,0x00,0x01,0x0F,0x2C,0x08,0x02,0x00,0x01,0x00,0x15,0x21,0x80,0x4E,0x00,0xE8,0x20,0x00,0x45,0x00,0x11,0x11,0xEE,0xEE,0x00,0x2C,0x82,0x2C,0x82
TH58TFT2T23BA8J-BiCS3,0x98,0x48,0x99,0xB3,0x7A,0x72,0x08,0x0E,0x02,0x08,0x00,0x02,0x01,0x33,0x08,0x0E,0x16,0x80,0x01,0x01,0x01,0x01,0x01,0xC7,0x00,0x03,0x0F,0x3C,0x08,0x04,0x00,0x01,0x00,0x13,0x00,0xC0,0x4E,0x01,0x38,0x2E,0xA0,0x47,0x00,0x11,0x11,0xEE,0xEE,0x01,0x3C,0x84,0x44,0x82
***Intel-N18A,0x89,0xD4,0x0C,0x32,0xAA,0x00,0x00,0x00,0x00,0x10,0x00,0x04,0x01,0x18,0x08,0x0E,0x18,0x80,0x00,0x00,0x01,0x01,0x01,0xC0,0x00,0x0C,0x0F,0x48,0x08,0x08,0x00,0x01,0x00,0x13,0x00,0x00,0x4E,0x01,0x80,0x0B,0xA0,0x48,0x00,0x11,0x11,0xEE,0xEE,0x01,0x3C,0x84,0x44,0x82
UN256G4B1B1ASC-B16-Intel,0x89,0xC4,0x89,0x32,0xA1,0x00,0x00,0x00,0x02,0x08,0x00,0x02,0x01,0x18,0x08,0x0E,0x17,0x80,0x01,0x01,0x01,0x01,0x01,0xF0,0x00,0x09,0x0F,0x3C,0x08,0x04,0x00,0x01,0x00,0x14,0x00,0xC0,0x4E,0x01,0xE0,0x07,0xA0,0x48,0x00,0x11,0x11,0xEE,0xEE,0x01,0x3C,0x84,0x44,0x82
SanDisk-8T23,0x45,0x48,0x9A,0xB3,0x7E,0x72,0x08,0x0E,0x02,0x08,0x00,0x02,0x01,0x33,0x08,0x0E,0x16,0x80,0x02,0x01,0x01,0x01,0x01,0xC6,0x00,0x03,0x0F,0x3C,0x08,0x04,0x00,0x01,0x00,0x13,0x00,0xC0,0x4E,0x01,0x30,0x2E,0xA0,0x47,0x00,0x11,0x11,0x11,0x11,0x01,0x3C,0x84,0x44,0x82
SanDisk-8T23,0x45,0x48,0x9A,0xB3,0x7E,0x72,0x0B,0x0E,0x02,0x08,0x00,0x02,0x01,0x33,0x08,0x0E,0x16,0x80,0x02,0x01,0x01,0x01,0x01,0xC6,0x00,0x03,0x0F,0x3C,0x08,0x04,0x00,0x01,0x00,0x13,0x00,0xC0,0x4E,0x01,0x30,0x2E,0xA0,0x47,0x00,0x11,0x11,0x11,0x11,0x01,0x3C,0x84,0x44,0x82
***Toshiba-BiCS4-Toggle-2Dies,0x98,0x3E,0x99,0xB3,0x7A,0xE3,0x00,0x00,0x02,0x08,0x00,0x02,0x01,0x18,0x08,0x0E,0x15,0x80,0x01,0x01,0x01,0x01,0x03,0xBC,0x80,0x04,0x0F,0x3C,0x08,0x04,0x00,0x01,0x00,0x13,0x00,0xC0,0x54,0x01,0x78,0x0F,0xA0,0x47,0x00,0x11,0x11,0xEE,0xEE,0x01,0x3C,0x84,0x44,0x82
TC58TFG8T23TA0D-Gen3-Toggle,0x98,0x3C,0x98,0xB3,0x76,0xF2,0x08,0x00,0x02,0x08,0x00,0x02,0x01,0x33,0x08,0x0E,0x14,0x80,0x00,0x00,0x01,0x01,0x01,0xC6,0x00,0x03,0x0F,0x3C,0x08,0x04,0x00,0x01,0x00,0x13,0x00,0xC0,0x54,0x01,0x8C,0x0B,0xA0,0x47,0x00,0x11,0x11,0x11,0x11,0x01,0x3C,0x84,0x44,0x82
SanDisk-7DDL-8Dies,0x45,0x48,0x97,0x93,0x7E,0x51,0x08,0x00,0x00,0x04,0x00,0x02,0x01,0x33,0x08,0x0E,0x18,0x80,0x03,0x01,0x01,0x01,0x00,0x1D,0x00,0x01,0x0F,0x2C,0x08,0x02,0x00,0x01,0x00,0x15,0x21,0x80,0x4E,0x00,0xA0,0x83,0x00,0x45,0x00,0x11,0x11,0xEE,0xEE,0x00,0x2C,0x82,0x2C,0x82
SanDisk-6DDL-8Dies,0x45,0x3E,0x97,0x93,0x7E,0x51,0x00,0x00,0x00,0x04,0x00,0x02,0x01,0x33,0x08,0x0E,0x17,0x80,0x03,0x01,0x01,0x01,0x00,0x32,0x00,0x01,0x0F,0x2C,0x08,0x02,0x00,0x01,0x00,0x15,0x21,0x80,0x4E,0x00,0x20,0x43,0x00,0x45,0x00,0x11,0x11,0x23,0x23,0x00,0x2C,0x82,0x2C,0x82
SD-064G-8Dies,0x45,0x3E,0x97,0x93,0x7E,0x57,0x0A,0x00,0x00,0x04,0x00,0x02,0x01,0x33,0x08,0x0E,0x17,0x80,0x03,0x01,0x01,0x01,0x00,0x22,0x00,0x01,0x0F,0x2C,0x08,0x02,0x00,0x01,0x00,0x19,0x21,0x80,0x4E,0x00,0x20,0x42,0x00,0x45,0x00,0x11,0x11,0x11,0x11,0x00,0x2C,0x82,0x2C,0x82
H27TDG8T2D8R-14nmMLC,0xAD,0x3A,0x14,0x03,0x08,0x50,0x00,0x00,0x00,0x04,0x00,0x02,0x00,0x33,0x08,0x0E,0x15,0x80,0x00,0x00,0x01,0x01,0x01,0x52,0x84,0x01,0x0F,0x2C,0x08,0x04,0x00,0x01,0x00,0x14,0x22,0xC2,0x4E,0x00,0xA4,0x0A,0x80,0x46,0x00,0x11,0x11,0xEE,0xEE,0x00,0x2C,0x82,0x2C,0x82
SanDisk-9T23-Toggle,0x45,0x3E,0x98,0xB3,0x76,0xF2,0x00,0x00,0x02,0x08,0x00,0x02,0x01,0x33,0x08,0x0E,0x15,0x80,0x00,0x00,0x01,0x01,0x01,0xC7,0x00,0x03,0x0F,0x3C,0x08,0x04,0x00,0x01,0x00,0x13,0x00,0xC0,0x54,0x01,0x1C,0x17,0xA0,0x47,0x00,0x11,0x11,0xEE,0xEE,0x01,0x3C,0x84,0x44,0x82
SanDisk-32GB-4Dies,0x45,0x3C,0x96,0x93,0x7E,0x50,0x08,0x00,0x00,0x04,0x00,0x04,0x01,0x33,0x08,0x0E,0x16,0x80,0x02,0x01,0x01,0x01,0x00,0x2D,0x00,0x01,0x0F,0x2C,0x08,0x02,0x00,0x01,0x00,0x16,0x21,0x80,0x4E,0x00,0x68,0x21,0x00,0x45,0x00,0x11,0x11,0xEE,0xEE,0x00,0x2C,0x82,0x2C,0x82
***Micron B17-4Tb-1CE2DIES,0x2C,0xD4,0x89,0x32,0xA6,0x00,0x00,0x00,0x04,0x08,0x00,0x04,0x00,0x18,0x08,0x0E,0x18,0x80,0x01,0x00,0x01,0x01,0x03,0xE0,0x00,0x09,0x0F,0x3C,0x08,0x04,0x00,0x01,0x00,0x14,0x00,0xC0,0x4E,0x01,0xC0,0x0F,0xA0,0x48,0x00,0x11,0x11,0xEE,0xEE,0x01,0x3C,0x84,0x44,0x82
SD-064G-8Dies,0x45,0x3E,0x87,0x93,0x7E,0x57,0x0B,0x00,0x00,0x04,0x00,0x02,0x01,0x33,0x08,0x0E,0x17,0x80,0x03,0x01,0x01,0x01,0x00,0x22,0x00,0x01,0x0F,0x2C,0x08,0x02,0x00,0x01,0x00,0x19,0x21,0x80,0x4E,0x00,0x20,0x42,0x00,0x45,0x00,0x11,0x11,0x11,0x11,0x00,0x2C,0x82,0x2C,0x82
MT29F512G08EBHBF-B27A,0x2C,0xC4,0x18,0x32,0xA2,0x00,0x00,0x00,0x04,0x08,0x00,0x04,0x00,0x18,0x08,0x0E,0x17,0x80,0x00,0x00,0x01,0x01,0x01,0xB0,0x40,0x14,0x0F,0x3C,0x08,0x04,0x00,0x01,0x00,0x14,0x00,0xC0,0x4E,0x01,0xB0,0x03,0xA0,0x48,0x00,0x11,0x11,0xEE,0xEE,0x01,0x3C,0x84,0x44,0x82
***MT29F1T08GBLBE-N28A,0x2C,0xD3,0x1C,0x32,0xC6,0x00,0x00,0x00,0x00,0x10,0x00,0x04,0x01,0x18,0x08,0x0E,0x18,0x80,0x00,0x00,0x01,0x01,0x03,0xB0,0x00,0x12,0x0F,0x48,0x08,0x08,0x00,0x01,0x00,0x13,0x00,0x00,0x54,0x01,0xB0,0x07,0xA0,0x48,0x00,0x11,0x11,0xEE,0xEE,0x01,0x3C,0x84,0x44,0x82
***N28A,0x2C,0x2C,0xD3,0x9C,0x32,0xC6,0x00,0x00,0x00,0x10,0x00,0x04,0x01,0x18,0x08,0x0E,0x18,0x80,0x00,0x00,0x01,0x01,0x03,0xB0,0x00,0x12,0x0F,0x48,0x08,0x08,0x00,0x01,0x00,0x13,0x00,0x00,0x54,0x01,0xB0,0x07,0xA0,0x48,0x00,0x11,0x11,0xEE,0xEE,0x01,0x3C,0x84,0x44,0x82
MT29F512G08EBLCE_B27B,0x2C,0xC3,0x08,0x32,0xE6,0x00,0x00,0x00,0x04,0x08,0x00,0x04,0x01,0x18,0x08,0x0E,0x17,0x80,0x00,0x00,0x00,0x00,0x00,0x00,0x80,0x0D,0x0F,0x48,0x08,0x08,0x00,0x01,0x00,0x13,0x00,0xC0,0x54,0x01,0x48,0x05,0xA0,0x48,0x00,0x11,0x11,0xEE,0xEE,0x01,0x3C,0x84,0x44,0x82
TH58NVG9DDKTA00-Toggle,0x98,0x3E,0xA6,0x93,0x7E,0xD0,0x08,0x00,0x00,0x04,0x00,0x04,0x01,0x33,0x08,0x0E,0x17,0x80,0x02,0x01,0x01,0x01,0x00,0x2D,0x00,0x01,0x0F,0x2C,0x08,0x02,0x00,0x01,0x00,0x16,0x21,0x80,0x54,0x00,0xD0,0x42,0x00,0x45,0x00,0x11,0x11,0xEE,0xEE,0x00,0x2C,0x82,0x2C,0x82
***Toshiba-Gen4-BiCS4-2Dies,0x98,0x3E,0x99,0xB3,0x7A,0x63,0x00,0x00,0x02,0x08,0x00,0x02,0x01,0x18,0x08,0x0E,0x16,0x80,0x01,0x01,0x01,0x01,0x03,0xBC,0x80,0x04,0x0F,0x3C,0x08,0x04,0x00,0x01,0x00,0x13,0x00,0xC0,0x4E,0x01,0x78,0x0F,0xA0,0x47,0x00,0x11,0x11,0xEE,0xEE,0x01,0x3C,0x84,0x44,0x82
***Toshiba-Gen4-Toggle,0x98,0x3C,0x98,0xB3,0x76,0xE3,0x08,0x00,0x02,0x08,0x00,0x02,0x01,0x18,0x08,0x0E,0x14,0x80,0x00,0x00,0x01,0x01,0x03,0xBC,0x80,0x04,0x0F,0x3C,0x08,0x04,0x00,0x01,0x00,0x13,0x00,0xC0,0x54,0x01,0xBC,0x07,0xA0,0x47,0x00,0x11,0x11,0xEE,0xEE,0x01,0x3C,0x84,0x44,0x82
SanDisk 9T22-BiCS2,0x45,0x3E,0x99,0xB3,0x7A,0x71,0x00,0x00,0x02,0x08,0x00,0x02,0x01,0x33,0x08,0x0E,0x15,0x80,0x01,0x01,0x01,0x01,0x03,0xB4,0x40,0x02,0x0F,0x3C,0x08,0x04,0x00,0x01,0x00,0x14,0x00,0xC0,0x4E,0x01,0xD0,0x1E,0xA0,0x47,0x00,0x11,0x11,0x22,0x22,0x01,0x3C,0x84,0x44,0x82
SanDisk 9T22-BiCS2-Toggle,0x45,0x3E,0x99,0xB3,0x7A,0xF1,0x00,0x00,0x01,0x08,0x00,0x02,0x01,0x33,0x08,0x0E,0x15,0x80,0x01,0x01,0x01,0x01,0x03,0xB4,0x40,0x02,0x0F,0x3C,0x08,0x04,0x00,0x01,0x00,0x14,0x00,0xC0,0x54,0x01,0xD0,0x1E,0xA0,0x47,0x00,0x11,0x11,0xEE,0xEE,0x01,0x3C,0x84,0x44,0x82
TT17G5PAIV-Toggle-7T23,0x98,0x3A,0x98,0xB3,0x76,0xF2,0x08,0x00,0x02,0x08,0x00,0x02,0x01,0x33,0x08,0x0E,0x13,0x80,0x00,0x00,0x01,0x01,0x01,0xEC,0x00,0x03,0x0F,0x3C,0x08,0x04,0x00,0x01,0x00,0x13,0x00,0xC0,0x54,0x01,0xEC,0x05,0xA0,0x47,0x00,0x11,0x11,0x11,0x11,0x01,0x3C,0x84,0x44,0x82
SanDisk-8TDK-1Y,0x45,0x3C,0x19,0x92,0x7A,0x50,0x00,0x00,0x02,0x08,0x00,0x04,0x00,0x33,0x08,0x0E,0x17,0x80,0x01,0x01,0x01,0x01,0x00,0x16,0x02,0x01,0x0E,0x3C,0x08,0x04,0x00,0x01,0x00,0x16,0x00,0x56,0x4E,0x01,0x70,0x41,0xD0,0x23,0x00,0x11,0x11,0xEE,0xEE,0x00,0x3C,0x84,0x44,0x82
***YMN08TB1B1AU1B-32GB,0x9B,0xC3,0x48,0x25,0x10,0x00,0x00,0x00,0x02,0x08,0x00,0x02,0x01,0x18,0x08,0x0E,0x16,0x80,0x00,0x00,0x01,0x01,0x03,0xDC,0x80,0x04,0x0F,0x3C,0x08,0x08,0x00,0x01,0x00,0x14,0x00,0xC0,0x4E,0x01,0xDC,0x07,0x00,0x48,0x00,0x11,0x11,0xEE,0xEE,0x01,0x3C,0x84,0x44,0x82
***Toshiba-BiCS4-QLC-Toggle,0x98,0x73,0x9C,0xB3,0x76,0xEB,0x08,0x00,0x00,0x10,0x00,0x02,0x01,0x18,0x08,0x0E,0x16,0x80,0x00,0x00,0x01,0x01,0x03,0xA7,0x00,0x06,0x0F,0x3C,0x08,0x04,0x00,0x01,0x00,0x13,0x00,0xC0,0x54,0x01,0x9C,0x1E,0x20,0x4A,0x00,0x11,0x11,0xEE,0xEE,0x01,0x3C,0x84,0x44,0x82
***Toshiba-BiCS4-QLC-Toggle,0x98,0x73,0x9C,0xB3,0x76,0xE3,0x08,0x00,0x00,0x10,0x00,0x02,0x01,0x18,0x08,0x0E,0x16,0x80,0x00,0x00,0x01,0x01,0x03,0xA7,0x00,0x06,0x0F,0x3C,0x08,0x04,0x00,0x01,0x00,0x13,0x00,0xC0,0x54,0x01,0x9C,0x1E,0x20,0x4A,0x00,0x11,0x11,0xEE,0xEE,0x01,0x3C,0x84,0x44,0x82
TC58TFG8T23TA0D-BiCS3-Toggle,0x98,0x48,0x9A,0xB3,0x7E,0xF2,0x08,0x0E,0x02,0x08,0x00,0x02,0x01,0x33,0x08,0x0E,0x18,0x80,0x02,0x01,0x01,0x01,0x01,0xC6,0x00,0x03,0x0F,0x3C,0x08,0x04,0x00,0x01,0x00,0x13,0x00,0xC0,0x54,0x01,0x30,0x2E,0xA0,0x47,0x00,0x11,0x11,0x11,0x11,0x01,0x3C,0x84,0x44,0x82
TH58LJT2T24BA8H-BiCS4-2Dies,0x98,0x48,0x99,0xB3,0x7A,0xE3,0x00,0x00,0x02,0x08,0x00,0x02,0x01,0x18,0x08,0x0E,0x16,0x80,0x01,0x01,0x01,0x01,0x03,0xA6,0x80,0x04,0x0F,0x3C,0x08,0x04,0x00,0x01,0x00,0x13,0x00,0xC0,0x54,0x01,0x98,0x1E,0xA0,0x47,0x00,0x11,0x11,0xEE,0xEE,0x01,0x3C,0x84,0x44,0x82
H25BFT8A1M8R-3DV5,0xAD,0x5E,0x28,0x33,0x00,0xA0,0xAD,0x00,0x00,0x08,0x00,0x04,0x00,0x18,0x08,0x0E,0x15,0x80,0x00,0x00,0x01,0x01,0x03,0x74,0x80,0x04,0x0F,0x3C,0x08,0x04,0x00,0x01,0x00,0x14,0x00,0x80,0x4E,0x01,0xE8,0x0E,0x00,0x48,0x00,0x11,0x11,0xEE,0xEE,0x01,0x3C,0x84,0x44,0x82
***Micron L05B-4Dies,0x2C,0xD4,0xE6,0x32,0xAA,0x04,0x00,0x00,0x00,0x04,0x00,0x04,0x01,0x18,0x08,0x0E,0x17,0x80,0x02,0x01,0x01,0x01,0x00,0x48,0x00,0x02,0x0F,0x48,0x08,0x08,0x00,0x01,0x00,0x14,0x48,0x80,0x4E,0x00,0x40,0x22,0xA0,0x48,0x00,0x11,0x11,0xEE,0xEE,0x01,0x2C,0x82,0x2C,0x82
***SD-64G-8K-4Dies,0x45,0x3E,0xAA,0xA2,0x7E,0x51,0x00,0x00,0x02,0x08,0x00,0x02,0x01,0x33,0x08,0x0E,0x1C,0x80,0x02,0x01,0x01,0x01,0x01,0xA6,0x00,0x03,0x0E,0x3C,0x08,0x04,0x00,0x01,0x00,0x15,0x00,0x80,0x4E,0x01,0x30,0x2D,0x00,0x24,0x00,0x11,0x11,0xEE,0xEE,0x00,0x3C,0x84,0x44,0x82
***SD-7DDJ-verC,0x45,0x3A,0x95,0x93,0x7A,0x57,0x08,0x00,0x00,0x04,0x00,0x02,0x01,0x33,0x08,0x0E,0x15,0x80,0x01,0x01,0x01,0x01,0x00,0x22,0x00,0x01,0x0F,0x2C,0x08,0x02,0x00,0x01,0x00,0x19,0x21,0x80,0x4E,0x00,0x88,0x10,0x00,0x45,0x00,0x11,0x11,0x11,0x11,0x00,0x2C,0x82,0x2C,0x82
***SD-7DDJ-verC-Toggle,0x45,0x3A,0x95,0x93,0x7A,0xD7,0x08,0x00,0x01,0x04,0x00,0x02,0x01,0x33,0x08,0x0E,0x15,0x80,0x01,0x01,0x01,0x01,0x00,0x22,0x00,0x01,0x0F,0x27,0x08,0x02,0x00,0x01,0x00,0x19,0x21,0x80,0x54,0x00,0x88,0x10,0x00,0x45,0x00,0x00,0x00,0x11,0x11,0x00,0x2C,0x82,0x2C,0x82
***SanDisk-Gen4-1,0x45,0x3C,0x98,0xB3,0x76,0x6B,0x00,0x00,0x02,0x08,0x00,0x02,0x01,0x18,0x08,0x0E,0x14,0x80,0x00,0x00,0x01,0x01,0x03,0xBC,0x80,0x04,0x0F,0x3C,0x08,0x04,0x00,0x01,0x00,0x13,0x00,0xC0,0x4E,0x01,0xBC,0x07,0xA0,0x47,0x00,0x11,0x11,0xEE,0xEE,0x01,0x3C,0x84,0x44,0x82
***Toshiba-Gen3-4Plane-2Die_01,0x98,0x37,0x99,0xB3,0x7A,0x72,0x00,0x00,0x02,0x08,0x00,0x02,0x01,0x33,0x08,0x0E,0x14,0x80,0x01,0x01,0x01,0x01,0x01,0xEC,0x00,0x03,0x0F,0x3C,0x08,0x04,0x00,0x01,0x00,0x13,0x00,0xC0,0x4E,0x00,0xD8,0x0B,0xA0,0x47,0x00,0x11,0x11,0x11,0x11,0x01,0x2C,0x82,0x2C,0x82
FBMB17A8T1KDWANJ6-5AF_B17A,0x2C,0xE4,0x8A,0x32,0xA6,0x01,0x00,0x00,0x04,0x08,0x00,0x04,0x00,0x18,0x08,0x0E,0x19,0x80,0x02,0x01,0x01,0x01,0x03,0xE0,0x00,0x09,0x0F,0x3C,0x08,0x04,0x00,0x01,0x00,0x14,0x00,0xC0,0x4E,0x01,0x80,0x1F,0xA0,0x48,0x00,0x11,0x11,0xEE,0xEE,0x01,0x3C,0x84,0x44,0x82
SanDisk-8T23-32G,0x45,0x35,0x98,0xB3,0x76,0x72,0x00,0x00,0x02,0x08,0x00,0x02,0x01,0x33,0x08,0x0E,0x14,0x80,0x00,0x00,0x01,0x01,0x01,0xC6,0x00,0x03,0x0F,0x3C,0x08,0x04,0x00,0x01,0x00,0x13,0x00,0xC0,0x4E,0x01,0x8C,0x0B,0xA0,0x47,0x00,0x11,0x11,0xEE,0xEE,0x01,0x3C,0x84,0x44,0x82
TC58TEG5DCLTA00-Toggle,0x98,0xD7,0x84,0x93,0x72,0xD1,0x08,0x00,0x00,0x04,0x00,0x01,0x01,0x33,0x08,0x0E,0x13,0x80,0x00,0x00,0x01,0x01,0x00,0x20,0x00,0x01,0x0F,0x2C,0x08,0x02,0x00,0x01,0x00,0x15,0x21,0x80,0x54,0x00,0x20,0x04,0x00,0x45,0x00,0x11,0x11,0x11,0x11,0x00,0x2C,0x82,0x2C,0x82
H25BFT8A1M8R-3DV5-2Die,0xAD,0x5E,0x29,0x33,0x00,0xA0,0xAD,0x00,0x00,0x08,0x00,0x04,0x00,0x18,0x08,0x0E,0x16,0x80,0x01,0x01,0x01,0x01,0x03,0x74,0x80,0x04,0x0F,0x3C,0x08,0x04,0x00,0x01,0x00,0x14,0x00,0x80,0x4E,0x01,0xD0,0x1D,0x00,0x48,0x00,0x11,0x11,0xEE,0xEE,0x01,0x3C,0x84,0x44,0x82
Intel-B27A,0x89,0xC4,0x18,0x32,0xA2,0x00,0x00,0x00,0x04,0x08,0x00,0x04,0x00,0x18,0x08,0x0E,0x17,0x80,0x00,0x00,0x01,0x01,0x01,0xB0,0x40,0x14,0x0F,0x3C,0x08,0x04,0x00,0x01,0x00,0x14,0x00,0xC0,0x4E,0x01,0xB0,0x03,0xA0,0x48,0x00,0x11,0x11,0xEE,0xEE,0x01,0x3C,0x84,0x44,0x82
***SanDisk-BiCS4-Toggle-2Dies,0x45,0x3E,0x99,0xB3,0x7A,0xEB,0x00,0x00,0x02,0x08,0x00,0x02,0x01,0x18,0x08,0x0E,0x15,0x80,0x01,0x01,0x01,0x01,0x03,0xBC,0x80,0x04,0x0F,0x3C,0x08,0x04,0x00,0x01,0x00,0x13,0x00,0xC0,0x54,0x01,0x78,0x0F,0xA0,0x47,0x00,0x11,0x11,0xEE,0xEE,0x01,0x3C,0x84,0x44,0x82
***SanDisk 9T22,0x45,0x48,0x9A,0xB3,0x7E,0x71,0x00,0x00,0x01,0x08,0x00,0x02,0x01,0x33,0x08,0x0E,0x16,0x80,0x02,0x01,0x01,0x01,0x03,0xB4,0x40,0x02,0x0F,0x3C,0x08,0x04,0x00,0x01,0x00,0x14,0x00,0xC0,0x4E,0x01,0xA0,0x3D,0xA0,0x47,0x00,0x11,0x11,0xEE,0xEE,0x01,0x3C,0x84,0x44,0x82
***Toshiba-BiCS4-QLC-Toggle,0x98,0x77,0x9D,0xB3,0x7A,0xE3,0x08,0x00,0x00,0x10,0x00,0x02,0x01,0x18,0x08,0x0E,0x17,0x80,0x01,0x01,0x01,0x01,0x03,0xA7,0x00,0x06,0x0F,0x3C,0x08,0x04,0x00,0x01,0x00,0x13,0x00,0xC0,0x54,0x01,0x38,0x3D,0x20,0x4A,0x00,0x11,0x11,0xEE,0xEE,0x01,0x3C,0x84,0x44,0x82
SanDisk-9TDL-4Die,0x45,0x4C,0x9A,0xA3,0x7E,0x51,0x0B,0x00,0x02,0x08,0x00,0x02,0x01,0x33,0x08,0x0E,0x16,0x80,0x02,0x02,0x01,0x01,0x01,0xA6,0x80,0x01,0x0F,0x3C,0x08,0x04,0x00,0x01,0x00,0x15,0x00,0x80,0x4E,0x01,0x30,0x2D,0xA0,0x47,0x00,0x11,0x11,0xEE,0xEE,0x00,0x3C,0x84,0x44,0x82
H27QEG8M3M8R-2Die,0xAD,0x5C,0x29,0xBA,0x00,0x80,0x00,0x00,0x02,0x08,0x00,0x04,0x00,0x33,0x08,0x0E,0x16,0x80,0x01,0x01,0x01,0x01,0x03,0x6C,0x80,0x04,0x0E,0x3C,0x08,0x04,0x00,0x01,0x00,0x14,0x00,0x80,0x4E,0x01,0xB0,0x1D,0x00,0x24,0x00,0x11,0x11,0xEE,0xEE,0x01,0x3C,0x84,0x44,0x82
SanDisk-Gen2-2Die-1V8,0x45,0x3E,0x99,0xB3,0x7A,0x79,0x08,0x00,0x02,0x08,0x00,0x02,0x01,0x18,0x08,0x0E,0x15,0x80,0x01,0x01,0x01,0x01,0x03,0xB4,0x40,0x02,0x0F,0x3C,0x08,0x04,0x00,0x01,0x00,0x14,0x00,0xC0,0x4E,0x01,0xD0,0x1E,0xA0,0x47,0x00,0x11,0x11,0x22,0x22,0x01,0x3C,0x84,0x44,0x82
H25JGQ8D4M8R-QLC,0xAD,0x89,0x2C,0x53,0x30,0xA0,0x00,0x00,0x00,0x10,0x00,0x04,0x00,0x18,0x08,0x0E,0x16,0x80,0x00,0x00,0x01,0x01,0x01,0x9A,0x00,0x06,0x0F,0x3C,0x08,0x04,0x00,0x01,0x00,0x14,0x00,0x80,0x4E,0x01,0x68,0x16,0x00,0x4A,0x00,0x11,0x11,0xEE,0xEE,0x01,0x3C,0x84,0x44,0x82
Micron-B27A-2Die,0x2C,0xD4,0x99,0x32,0xA2,0x00,0x00,0x00,0x04,0x08,0x00,0x04,0x00,0x18,0x08,0x0E,0x18,0x80,0x01,0x01,0x01,0x01,0x01,0xB0,0x40,0x14,0x0F,0x3C,0x08,0x04,0x00,0x01,0x00,0x14,0x00,0xC0,0x4E,0x01,0x60,0x07,0xA0,0x48,0x00,0x11,0x11,0xEE,0xEE,0x01,0x3C,0x84,0x44,0x82
H25BFT8A1M8R-3DV5-2Die(1.2V),0xAD,0x7E,0x29,0x33,0x00,0xA0,0xAD,0x00,0x00,0x08,0x00,0x04,0x00,0x18,0x08,0x0E,0x16,0x80,0x01,0x01,0x01,0x01,0x03,0x74,0x80,0x04,0x0F,0x3C,0x08,0x04,0x00,0x01,0x00,0x14,0x00,0x80,0x4E,0x01,0xD0,0x1D,0x00,0x48,0x00,0x11,0x11,0xEE,0xEE,0x01,0x3C,0x84,0x44,0x82
SanDisk-8T23,0x45,0x49,0x9B,0xB3,0x7E,0x72,0x0B,0x0E,0x02,0x08,0x00,0x02,0x01,0x33,0x08,0x0E,0x17,0x80,0x03,0x01,0x01,0x01,0x01,0xC6,0x00,0x03,0x0F,0x3C,0x08,0x04,0x00,0x01,0x00,0x13,0x00,0xC0,0x4E,0x01,0x60,0x5C,0xA0,0x47,0x00,0x11,0x11,0x11,0x11,0x01,0x3C,0x84,0x44,0x82
H25BFT8A1M8R-3DV5(1.2V),0xAD,0x7E,0x28,0x33,0x00,0xA0,0xAD,0x00,0x00,0x08,0x00,0x04,0x00,0x18,0x08,0x0E,0x15,0x80,0x00,0x00,0x01,0x01,0x03,0x74,0x80,0x04,0x0F,0x3C,0x08,0x04,0x00,0x01,0x00,0x14,0x00,0x80,0x4E,0x01,0xE8,0x0E,0x00,0x48,0x00,0x11,0x11,0xEE,0xEE,0x01,0x3C,0x84,0x44,0x82
MT29F512G08EBHAF-B17A,0x2C,0xC4,0x08,0x32,0xA6,0x01,0x00,0x00,0x04,0x08,0x00,0x04,0x00,0x18,0x08,0x0E,0x17,0x80,0x00,0x00,0x01,0x01,0x03,0xE0,0x00,0x09,0x0F,0x3C,0x08,0x04,0x00,0x01,0x00,0x14,0x00,0xC0,0x4E,0x01,0xE0,0x07,0xA0,0x48,0x00,0x11,0x11,0xEE,0xEE,0x01,0x3C,0x84,0x44,0x82
H27QEG8N5C8R-3DV3,0xAD,0x5A,0x28,0xBA,0x00,0x80,0x00,0x00,0x02,0x08,0x00,0x04,0x00,0x33,0x08,0x0E,0x14,0x80,0x00,0x00,0x01,0x01,0x03,0x78,0x80,0x04,0x0E,0x3C,0x08,0x04,0x00,0x01,0x00,0x14,0x00,0x80,0x4E,0x01,0x78,0x07,0x00,0x24,0x00,0x11,0x11,0xEE,0xEE,0x01,0x3C,0x84,0x44,0x82
***YMN08TB1B1AU1B-2Die-64GB,0x9B,0xC4,0x49,0x25,0x10,0x00,0x00,0x00,0x02,0x08,0x00,0x02,0x01,0x18,0x08,0x0E,0x18,0x80,0x01,0x01,0x01,0x01,0x03,0xDC,0x80,0x04,0x0F,0x3C,0x08,0x08,0x00,0x01,0x00,0x14,0x00,0xC0,0x4E,0x01,0xB8,0x0F,0x00,0x48,0x00,0x11,0x11,0xEE,0xEE,0x01,0x3C,0x84,0x44,0x82
SanDisk_BiCS4_TLC-64GB,0x45,0x3E,0x98,0xB3,0x76,0x6B,0x00,0x00,0x02,0x08,0x00,0x02,0x01,0x18,0x08,0x0E,0x15,0x80,0x00,0x00,0x01,0x01,0x03,0xA6,0x80,0x04,0x0F,0x3C,0x08,0x04,0x00,0x01,0x00,0x13,0x00,0xC0,0x4E,0x01,0x4C,0x0F,0xA0,0x47,0x00,0x11,0x11,0xEE,0xEE,0x01,0x3C,0x84,0x44,0x82
*****B16,0x2C,0x2C,0xA4,0x08,0x32,0xA1,0x00,0x00,0x04,0x08,0x00,0x02,0x01,0x18,0x08,0x0E,0x16,0x80,0x00,0x00,0x01,0x01,0x01,0xF0,0x00,0x09,0x0F,0x3C,0x08,0x04,0x00,0x01,0x00,0x14,0x00,0xC0,0x4E,0x01,0xF0,0x03,0xA0,0x48,0x00,0x11,0x11,0xEE,0xEE,0x01,0x3C,0x84,0x44,0x82
3DV5-4Die,0xAD,0x5E,0x2A,0x33,0x00,0xA0,0xAD,0x00,0x00,0x08,0x00,0x04,0x00,0x18,0x08,0x0E,0x16,0x80,0x02,0x01,0x01,0x01,0x03,0x74,0x80,0x04,0x0F,0x3C,0x08,0x04,0x00,0x01,0x00,0x14,0x00,0x80,0x4E,0x01,0xA0,0x3B,0x00,0x48,0x00,0x11,0x11,0xEE,0xEE,0x01,0x3C,0x84,0x44,0x82
3DV5(1.2V)-4Die,0xAD,0x7E,0x2A,0x33,0x00,0xA0,0xAD,0x00,0x00,0x08,0x00,0x04,0x00,0x18,0x08,0x0E,0x16,0x80,0x00,0x00,0x01,0x01,0x03,0x74,0x80,0x04,0x0F,0x3C,0x08,0x04,0x00,0x01,0x00,0x14,0x00,0x80,0x4E,0x01,0xA0,0x3B,0x00,0x48,0x00,0x11,0x11,0xEE,0xEE,0x01,0x3C,0x84,0x44,0x82
3DV6,0xAD,0x89,0x28,0x53,0x00,0xB0,0xAD,0x00,0x00,0x08,0x00,0x04,0x00,0x18,0x08,0x0E,0x16,0x80,0x00,0x00,0x01,0x01,0x01,0x9E,0x00,0x06,0x0F,0x3C,0x08,0x04,0x00,0x01,0x00,0x14,0x00,0x80,0x4E,0x01,0x78,0x16,0x00,0x48,0x00,0x11,0x11,0xEE,0xEE,0x01,0x3C,0x84,0x44,0x82
***SanDisk-BiCS4,0x45,0x3C,0x98,0xB3,0x76,0x63,0x00,0x00,0x02,0x08,0x00,0x02,0x01,0x18,0x08,0x0E,0x14,0x80,0x00,0x00,0x01,0x01,0x03,0xBC,0x80,0x04,0x0F,0x3C,0x08,0x04,0x00,0x01,0x00,0x13,0x00,0xC0,0x4E,0x01,0xBC,0x07,0xA0,0x47,0x00,0x11,0x11,0xEE,0xEE,0x01,0x3C,0x84,0x44,0x82
***Toshiba-BiCS4-pTLC-Toggle,0x98,0x73,0x98,0xB3,0x76,0xEB,0x08,0x00,0x00,0x08,0x00,0x02,0x01,0x18,0x08,0x0E,0x16,0x80,0x00,0x00,0x01,0x01,0x03,0xA7,0x80,0x04,0x0F,0x3C,0x08,0x04,0x00,0x01,0x00,0x13,0x00,0xC0,0x54,0x01,0x9C,0x1E,0x20,0x4A,0x00,0x11,0x11,0xEE,0xEE,0x01,0x3C,0x84,0x44,0x82
***SanDisk-BiCS4-2Dies,0x45,0x3E,0x99,0xB3,0x7A,0x6B,0x00,0x00,0x02,0x08,0x00,0x02,0x01,0x18,0x08,0x0E,0x15,0x80,0x01,0x01,0x01,0x01,0x03,0xBC,0x80,0x04,0x0F,0x3C,0x08,0x04,0x00,0x01,0x00,0x13,0x00,0xC0,0x4E,0x01,0x78,0x0F,0xA0,0x47,0x00,0x11,0x11,0xEE,0xEE,0x01,0x3C,0x84,0x44,0x82
***SanDisk-Gen4-4Die,0x45,0x48,0x9A,0xB3,0x7E,0x6B,0x00,0x00,0x02,0x08,0x00,0x02,0x01,0x18,0x08,0x0E,0x16,0x80,0x02,0x01,0x01,0x01,0x03,0xBC,0x80,0x04,0x0F,0x3C,0x08,0x04,0x00,0x01,0x00,0x13,0x00,0xC0,0x4E,0x01,0xF0,0x1E,0xA0,0x47,0x00,0x11,0x11,0xEE,0xEE,0x01,0x3C,0x84,0x44,0x82
SanDisk_BiCS4_TLC-64GB,0x45,0x3E,0x98,0xB3,0x76,0x63,0x00,0x00,0x02,0x08,0x00,0x02,0x01,0x18,0x08,0x0E,0x15,0x80,0x00,0x00,0x01,0x01,0x03,0xA6,0x80,0x04,0x0F,0x3C,0x08,0x04,0x00,0x01,0x00,0x13,0x00,0xC0,0x4E,0x01,0x4C,0x0F,0xA0,0x47,0x00,0x11,0x11,0xEE,0xEE,0x01,0x3C,0x84,0x44,0x82
Micron-B16C,0x2C,0xA4,0x08,0x32,0xA1,0x04,0x00,0x00,0x04,0x08,0x00,0x02,0x01,0x18,0x08,0x0E,0x16,0x80,0x00,0x00,0x01,0x01,0x01,0xF0,0x00,0x09,0x0F,0x3C,0x08,0x04,0x00,0x01,0x00,0x14,0x00,0xC0,0x4E,0x01,0xF0,0x03,0xA0,0x48,0x00,0x11,0x11,0xEE,0xEE,0x01,0x3C,0x84,0x44,0x82
SanDisk-BiCS4-2Dies,0x45,0x48,0x99,0xB3,0x7A,0x63,0x00,0x00,0x02,0x08,0x00,0x02,0x01,0x18,0x08,0x0E,0x16,0x80,0x01,0x01,0x01,0x01,0x03,0xA6,0x80,0x04,0x0F,0x3C,0x08,0x04,0x00,0x01,0x00,0x13,0x00,0xC0,0x4E,0x01,0x98,0x1E,0xA0,0x47,0x00,0x11,0x11,0xEE,0xEE,0x01,0x3C,0x84,0x44,0x82
***Micron-N28A,0x2C,0xD3,0x9C,0x32,0xC6,0x00,0x00,0x00,0x00,0x10,0x00,0x04,0x01,0x18,0x08,0x0E,0x18,0x80,0x00,0x00,0x01,0x01,0x03,0xB0,0x00,0x12,0x0F,0x48,0x08,0x08,0x00,0x01,0x00,0x13,0x00,0x00,0x54,0x01,0xB0,0x07,0xA0,0x48,0x00,0x11,0x11,0xEE,0xEE,0x01,0x3C,0x84,0x44,0x82
***Micron-N28A-2Dies,0x2C,0xE3,0x9D,0x32,0xC6,0x00,0x00,0x00,0x00,0x10,0x00,0x04,0x01,0x18,0x08,0x0E,0x19,0x80,0x01,0x01,0x01,0x01,0x03,0xB0,0x00,0x12,0x0F,0x48,0x08,0x08,0x00,0x01,0x00,0x13,0x00,0x00,0x54,0x01,0x60,0x0F,0xA0,0x48,0x00,0x11,0x11,0xEE,0xEE,0x01,0x3C,0x84,0x44,0x82
***Micron-N28A,0x2C,0xA3,0x60,0x32,0xC6,0x00,0x00,0x00,0x00,0x10,0x00,0x04,0x01,0x18,0x08,0x0E,0x18,0x80,0x00,0x00,0x01,0x01,0x03,0xB0,0x00,0x12,0x0F,0x48,0x08,0x08,0x00,0x01,0x00,0x13,0x00,0x00,0x54,0x01,0xB0,0x07,0xA0,0x48,0x00,0x11,0x11,0xEE,0xEE,0x01,0x3C,0x84,0x44,0x82
Sandisk-7DDL,0x45,0x4C,0x94,0x93,0x76,0x51,0x0C,0x00,0x00,0x04,0x00,0x02,0x01,0x33,0x08,0x0E,0x15,0x80,0x00,0x00,0x01,0x01,0x00,0x1D,0x00,0x01,0x0F,0x2C,0x08,0x02,0x00,0x01,0x00,0x15,0x21,0x80,0x4E,0x00,0x74,0x10,0x00,0x45,0x00,0x11,0x11,0x11,0x11,0x00,0x2C,0x82,0x2C,0x82
***Toshiba-BiCS4-exPBA3,0x98,0x33,0x98,0xB3,0x76,0x63,0x00,0x00,0x02,0x08,0x00,0x02,0x01,0x18,0x08,0x0E,0x14,0x80,0x00,0x00,0x01,0x01,0x03,0xBC,0x80,0x04,0x0F,0x3C,0x08,0x04,0x00,0x01,0x00,0x13,0x00,0xC0,0x4E,0x01,0xBC,0x07,0xA0,0x47,0x00,0x11,0x11,0x11,0x11,0x01,0x3C,0x84,0x44,0x82
***Toshiba-BiCS4-2Dies-exPBA3,0x98,0x34,0x99,0xB3,0x7A,0x63,0x00,0x00,0x02,0x08,0x00,0x02,0x01,0x18,0x08,0x0E,0x16,0x80,0x01,0x01,0x01,0x01,0x03,0xBC,0x80,0x04,0x0F,0x3C,0x08,0x04,0x00,0x01,0x00,0x13,0x00,0xC0,0x4E,0x01,0x78,0x0F,0xA0,0x47,0x00,0x11,0x11,0x11,0x11,0x01,0x3C,0x84,0x44,0x82
H25QEM8A1B8R-V4MLC,0xAD,0x5C,0x14,0x63,0x08,0x90,0x00,0x00,0x00,0x04,0x00,0x02,0x00,0x18,0x08,0x0E,0x16,0x80,0x00,0x00,0x01,0x01,0x02,0xFC,0xC0,0x04,0x0F,0x2C,0x08,0x04,0x00,0x01,0x00,0x14,0x4A,0x80,0x4E,0x00,0xFC,0x06,0x80,0x46,0x00,0x11,0x11,0xEE,0xEE,0x01,0x2C,0x82,0x2C,0x82
H25QEM8B3B8R-V4MLC-2DIE,0xAD,0x5C,0x15,0x63,0x08,0x90,0x00,0x00,0x00,0x04,0x00,0x02,0x00,0x18,0x08,0x0E,0x17,0x80,0x01,0x01,0x01,0x01,0x02,0xFC,0xC0,0x04,0x0F,0x2C,0x08,0x04,0x00,0x01,0x00,0x14,0x4A,0x80,0x4E,0x00,0xF8,0x0D,0x80,0x46,0x00,0x11,0x11,0xEE,0xEE,0x01,0x2C,0x82,0x2C,0x82
H25QEM8D4B8R-V4MLC-4DIE,0xAD,0x5C,0x16,0x63,0x08,0x90,0x00,0x00,0x00,0x04,0x00,0x02,0x00,0x18,0x08,0x0E,0x18,0x80,0x02,0x01,0x01,0x01,0x02,0xFC,0xC0,0x04,0x0F,0x2C,0x08,0x04,0x00,0x01,0x00,0x14,0x4A,0x80,0x4E,0x00,0xF0,0x1B,0x80,0x46,0x00,0x11,0x11,0xEE,0xEE,0x01,0x2C,0x82,0x2C,0x82
***Toshiba-Gen4-Toggle,0x98,0x3A,0xA0,0xB1,0x7E,0xE3,0x08,0x00,0x02,0x02,0x00,0x02,0x01,0x18,0x08,0x0E,0x16,0x80,0x00,0x00,0x01,0x01,0x01,0xCC,0x80,0x01,0x0D,0x3C,0x08,0x04,0x00,0x01,0x00,0x13,0x21,0x80,0x54,0x00,0x60,0x2E,0xE8,0x11,0x00,0x11,0x11,0xEE,0xEE,0x01,0x3C,0x84,0x44,0x82
SanDisk-BiCS4-2Dies,0x45,0x48,0x99,0xB3,0x7A,0x6B,0x00,0x00,0x02,0x08,0x00,0x02,0x01,0x18,0x08,0x0E,0x16,0x80,0x01,0x01,0x01,0x01,0x03,0xA6,0x80,0x04,0x0F,0x3C,0x08,0x04,0x00,0x01,0x00,0x13,0x00,0xC0,0x4E,0x01,0x98,0x1E,0xA0,0x47,0x00,0x11,0x11,0xEE,0xEE,0x01,0x3C,0x84,0x44,0x82
SanDisk-6DDL-8Dies-Toggle,0x45,0x3E,0x97,0x93,0x7E,0xD1,0x00,0x00,0x00,0x04,0x00,0x02,0x01,0x33,0x08,0x0E,0x17,0x80,0x03,0x01,0x01,0x01,0x00,0x32,0x00,0x01,0x0F,0x2C,0x08,0x02,0x00,0x01,0x00,0x15,0x21,0x80,0x54,0x00,0x20,0x43,0x00,0x45,0x00,0x11,0x11,0x23,0x23,0x00,0x2C,0x82,0x2C,0x82
H27QBG8D2DDA_F16,0xAD,0xD7,0x14,0x9E,0x34,0x4A,0xAD,0x00,0x00,0x04,0x00,0x02,0x00,0x33,0x08,0x0E,0x14,0x80,0x00,0x00,0x01,0x01,0x00,0x20,0x00,0x01,0x0E,0x2C,0x08,0x02,0x00,0x01,0x00,0x16,0x21,0x80,0x4E,0x00,0x40,0x08,0x40,0x23,0x00,0x11,0x11,0xEE,0xEE,0x00,0x2C,0x82,0x2C,0x82
MT29F512G08EBLDE_B37R,0x2C,0xC3,0x78,0x32,0xEA,0x10,0x00,0x00,0x04,0x08,0x00,0x04,0x01,0x18,0x08,0x0E,0x16,0x80,0x00,0x00,0x01,0x01,0x01,0xC8,0x00,0x06,0x0F,0x3C,0x08,0x04,0x00,0x01,0x00,0x13,0x00,0xC0,0x4E,0x01,0xA4,0x0B,0xA8,0x47,0x00,0x11,0x11,0xEE,0xEE,0x01,0x3C,0x84,0x44,0x82
***K9GCGD8U0F,0xEC,0xDE,0x94,0xC3,0xA4,0xCA,0xEC,0x00,0x02,0x04,0x00,0x02,0x00,0x33,0x08,0x0E,0x14,0x80,0x00,0x00,0x01,0x01,0x00,0xB0,0x18,0x03,0x0F,0x2C,0x08,0x02,0x00,0x01,0x00,0x15,0x42,0x98,0x54,0x00,0xB0,0x02,0x00,0x46,0x00,0x00,0x00,0xEE,0xEE,0x00,0x2C,0x82,0x2C,0x82
Intel-B27A,0x89,0xC4,0x28,0x32,0xA2,0x00,0x00,0x00,0x04,0x08,0x00,0x04,0x00,0x18,0x08,0x0E,0x17,0x80,0x00,0x00,0x01,0x01,0x01,0xB0,0x40,0x14,0x0F,0x3C,0x08,0x04,0x00,0x01,0x00,0x14,0x00,0xC0,0x4E,0x01,0xB0,0x03,0xA0,0x48,0x00,0x11,0x11,0xEE,0xEE,0x01,0x3C,0x84,0x44,0x82
Sandisk-Gen3,0x45,0x3C,0x98,0xB3,0x76,0x72,0x08,0x00,0x02,0x08,0x00,0x02,0x01,0x33,0x08,0x0E,0x14,0x80,0x00,0x00,0x01,0x01,0x01,0xC6,0x00,0x03,0x0F,0x3C,0x08,0x04,0x00,0x01,0x00,0x13,0x00,0xC0,0x4E,0x01,0x8C,0x0B,0xA0,0x47,0x00,0x11,0x11,0xEE,0xEE,0x01,0x3C,0x84,0x44,0x82
***SanDisk-BiCS4,0x45,0x3C,0x98,0xB3,0x76,0x63,0x08,0x00,0x02,0x08,0x00,0x02,0x01,0x18,0x08,0x0E,0x14,0x80,0x00,0x00,0x01,0x01,0x03,0xBC,0x80,0x04,0x0F,0x3C,0x08,0x04,0x00,0x01,0x00,0x13,0x00,0xC0,0x4E,0x01,0xBC,0x07,0xA0,0x47,0x00,0x11,0x11,0xEE,0xEE,0x01,0x3C,0x84,0x44,0x82
FBMB17A8T1KDWANJ6-5AF_B17A,0x2C,0xE4,0x8A,0x32,0xA6,0x00,0x00,0x00,0x04,0x08,0x00,0x04,0x00,0x18,0x08,0x0E,0x19,0x80,0x02,0x01,0x01,0x01,0x03,0xE0,0x00,0x09,0x0F,0x3C,0x08,0x04,0x00,0x01,0x00,0x14,0x00,0xC0,0x4E,0x01,0x80,0x1F,0xA0,0x48,0x00,0x11,0x11,0xEE,0xEE,0x01,0x3C,0x84,0x44,0x82
H25BFT8A1B8R-3DV6(1.2V),0xAD,0x7E,0x28,0x53,0x02,0xB0,0x00,0x00,0x00,0x08,0x00,0x04,0x00,0x18,0x08,0x0E,0x15,0x80,0x00,0x00,0x01,0x01,0x01,0xA4,0x00,0x06,0x0F,0x3C,0x08,0x04,0x00,0x01,0x00,0x14,0x00,0x80,0x4E,0x01,0x48,0x0B,0x00,0x48,0x00,0x11,0x11,0xEE,0xEE,0x01,0x3C,0x84,0x44,0x82
***KIOXIA-BiCS5,0x98,0x3E,0x98,0x03,0x76,0x64,0x08,0x00,0x02,0x08,0x00,0x02,0x01,0x18,0x08,0x0E,0x15,0x80,0x00,0x00,0x01,0x01,0x02,0x7E,0x40,0x05,0x0F,0x3C,0x08,0x04,0x00,0x01,0x00,0x13,0x00,0xC0,0x4E,0x01,0xFC,0x0C,0xA0,0x47,0x00,0x11,0x11,0x11,0x11,0x01,0x3C,0x84,0x44,0x82
AP_VER,0x10,0x08,0x11,0x00,,,,,,,,,,,,,,,,,,,,,,,,,,,,,,,,,,,,,,,,,,,,,,,,
